application_id,application_date,age,annual_income,employment_years,home_ownership,region,purpose,loan_amount,loan_term_months,interest_rate,credit_score,dti,revolving_utilization,num_open_credit_lines,num_late_payments_2yr,default_flag
APP000001,2024-10-07,39,43980.8,11.0,RENT,West,home_improvement,31212.56,36,11.31,680,7.0,0.116,11,1,0
APP000002,2025-03-06,49,46590.18,16.7,OTHER,West,car,9206.55,36,9.7,737,21.7,0.074,9,1,0
APP000003,2025-06-25,39,68786.59,9.9,MORTGAGE,Northeast,credit_card,15023.49,60,12.54,693,33.1,0,5,0,0
APP000004,2026-01-12,31,35212.47,7.4,MORTGAGE,Midwest,debt_consolidation,31023.17,60,10.35,706,20.9,0,13,1,0
APP000005,2026-05-08,32,62166.56,10.9,RENT,South,medical,18855.69,60,13.03,609,26.4,0.112,10,1,1
APP000006,2025-06-09,57,23528.81,10.7,MORTGAGE,West,credit_card,9307.07,36,17.64,544,32.7,0.056,7,2,1
APP000007,2024-10-09,40,42009.28,10.0,MORTGAGE,South,credit_card,13897.83,60,12.76,674,33.3,0,8,1,0
APP000008,2026-08-30,36,34905.09,8.8,RENT,Midwest,medical,10537.64,36,11.77,680,29.8,0.425,7,1,0
APP000009,2026-04-17,39,51786.87,22.5,RENT,South,home_improvement,7376.52,60,5.0,850,13.3,0.218,13,1,0
APP000010,2026-04-06,33,66622.42,15.5,MORTGAGE,Midwest,debt_consolidation,5699.49,60,16.2,652,10.4,0.211,11,0,0
APP000011,2025-06-29,35,48528.88,11.9,OWN,West,debt_consolidation,7631.44,36,9.37,692,30.2,0.064,10,1,0
APP000012,2025-12-16,33,31858.71,11.4,RENT,West,debt_consolidation,15564.19,60,6.88,782,26.9,0.281,8,1,0
APP000013,2026-01-25,23,38942.01,7,MORTGAGE,South,credit_card,9045.82,60,13.27,653,13.9,0.262,10,0,0
APP000014,2024-03-28,43,28806.99,16.2,OWN,Northeast,credit_card,7012.66,60,5.33,850,31.9,0.199,6,1,0
APP000015,2024-05-20,44,80489.49,5.7,OWN,South,home_improvement,25809.34,36,7.04,772,24.9,0,8,1,0
APP000016,2024-10-17,57,37974.08,15.2,RENT,South,credit_card,23046.68,36,6.44,800,28.0,0.037,13,2,0
APP000017,2023-10-09,49,25809.35,10.7,MORTGAGE,West,car,16797.05,60,9.11,705,29.5,0,7,1,0
APP000018,2023-12-16,44,51889.61,14.3,MORTGAGE,West,debt_consolidation,45000,36,9.37,720,13.9,0,7,1,0
APP000019,2024-07-16,40,43824.96,14.4,RENT,West,credit_card,43492.58,36,12.83,648,33.3,0,12,1,0
APP000020,2024-04-09,45,96408.39,2.3,OWN,West,car,30744.85,36,6.63,798,20.3,0,1,2,0
APP000021,2026-01-12,37,48859.3,12.5,MORTGAGE,Midwest,vacation,8244.41,36,14.52,627,37.0,0,5,2,0
APP000022,2024-09-22,38,76384.73,12.4,RENT,South,major_purchase,13365.78,36,14.65,642,35.9,0,13,1,0
APP000023,2024-02-23,39,48729.19,10.1,OWN,Midwest,home_improvement,21191.92,36,11.53,621,25.8,0,1,2,0
APP000024,2026-02-25,54,76591.04,11.0,RENT,South,medical,19941.67,60,8.22,703,26.2,0,15,0,0
APP000025,2025-02-01,34,67217.53,14.5,MORTGAGE,South,debt_consolidation,17071.59,36,12.3,621,19.0,0.082,7,2,0
APP000026,2024-12-20,38,66101.71,8.7,RENT,Midwest,other,11781.09,60,8.66,742,25.2,0,8,0,0
APP000027,2026-04-03,41,46857.13,19.7,RENT,South,medical,7135.22,36,15.2,588,10.3,0.137,3,1,0
APP000028,2024-03-18,51,43784.38,10.5,RENT,Northeast,debt_consolidation,23729.67,36,11.89,694,24.4,0,7,0,0
APP000029,2024-03-25,34,109012.25,3.4,RENT,South,medical,19385.7,36,13.68,657,22.2,0,17,1,0
APP000030,2023-11-18,31,138453.45,8.9,RENT,South,other,12850.72,36,9.11,749,14.6,0,13,1,0
APP000031,2025-01-14,42,93007.57,8.0,OTHER,South,car,22413.37,36,16.27,575,27.9,0,11,1,0
APP000032,2024-07-23,40,58647.02,16.5,MORTGAGE,Midwest,small_business,11863.02,36,10.0,683,32.5,0.38,6,1,0
APP000033,2024-02-11,38,78523.23,15.5,MORTGAGE,South,debt_consolidation,10655.68,36,11.47,704,39.2,0,4,3,0
APP000034,2024-12-29,42,73923.8,14.3,RENT,Midwest,major_purchase,27510.41,36,11.62,684,14.8,0,5,1,0
APP000035,2024-09-26,62,42613.46,15.0,RENT,Midwest,credit_card,6731.83,36,7.43,750,31.8,0.212,12,0,0
APP000036,2025-11-27,40,47677.69,9.6,OWN,Midwest,medical,8649.76,60,13.79,608,17.6,0,14,2,0
APP000037,2024-06-12,55,42247.7,7.1,MORTGAGE,South,small_business,41143.23,36,16.07,576,14.2,0,11,1,1
APP000038,2025-11-30,37,57923.15,12.3,OWN,South,debt_consolidation,21981.54,36,10.75,677,15.0,0.203,3,0,0
APP000039,2026-07-22,21,76494.38,5,RENT,South,car,7358.94,36,15.12,580,13.6,0.262,5,1,0
APP000040,2024-11-09,44,97366.82,12.9,OTHER,West,home_improvement,17870.57,36,11.42,637,6.3,0,4,0,1
APP000041,2024-11-13,40,51341.12,15.1,RENT,West,other,7072.9,36,6.63,770,26.2,0,3,0,0
APP000042,2024-01-06,38,57427.02,6.9,RENT,South,credit_card,9762.69,36,13.06,615,18.4,0.138,7,1,1
APP000043,2026-01-25,44,94619.42,9.7,MORTGAGE,South,credit_card,14520.23,36,11.6,602,15.4,0.065,8,2,1
APP000044,2026-02-28,53,48554.46,11.2,OWN,Midwest,credit_card,14076.0,36,8.6,746,23.5,0.055,2,0,0
APP000045,2025-01-31,44,45256.86,18.1,MORTGAGE,Midwest,credit_card,6332.8,60,10.52,665,5.0,0.375,4,0,0
APP000046,2024-04-07,27,131955.64,7.5,MORTGAGE,South,credit_card,10735.05,60,9.81,743,20.8,0.209,10,0,0
APP000047,2025-11-05,38,27839.28,6.0,RENT,West,credit_card,39247.25,36,15.77,579,14.2,0.219,6,1,1
APP000048,2026-05-11,48,63639.17,3.9,MORTGAGE,South,car,5781.34,36,13.45,609,23.7,0.274,3,1,0
APP000049,2026-06-15,53,31245.05,15.0,MORTGAGE,South,other,3961.38,60,11.45,663,41.0,0.055,8,0,0
APP000050,2024-09-17,54,47964.17,8.5,RENT,South,medical,20353.16,60,10.5,683,14.4,0.007,10,0,0
APP000051,2025-11-26,31,20564.13,4.7,RENT,West,debt_consolidation,16374.28,36,6.28,778,33.5,0.289,21,1,0
APP000052,2025-05-02,49,81161.49,4.5,OWN,Northeast,medical,18289.78,36,11.18,685,11.3,0.268,1,1,0
APP000053,2025-10-10,46,82811.83,5.7,OWN,Northeast,home_improvement,19074.63,60,5.0,850,12.6,0.031,15,0,0
APP000054,2026-03-25,67,37202.66,0,RENT,West,debt_consolidation,3771.61,36,8.01,764,20.6,0,9,1,0
APP000055,2025-08-16,42,131137.39,15.3,MORTGAGE,Midwest,major_purchase,8683.67,36,14.99,567,30.0,0.097,7,1,0
APP000056,2024-01-26,37,89311.72,18.7,MORTGAGE,South,medical,4654.71,36,9.65,730,12.6,0.396,7,0,0
APP000057,2024-03-23,33,20381.1,12.5,RENT,Northeast,car,4130.99,36,8.81,711,26.0,0,10,0,0
APP000058,2024-09-11,28,54680.11,0,MORTGAGE,South,debt_consolidation,15816.07,36,8.03,831,32.8,0.417,6,0,0
APP000059,2025-11-26,25,68709.66,9,RENT,South,debt_consolidation,11331.72,36,17.38,557,20.6,0.411,9,1,0
APP000060,2024-11-18,39,79084.34,12.0,MORTGAGE,West,debt_consolidation,23637.29,36,10.95,729,12.3,0,11,0,0
APP000061,2023-12-28,37,43647.71,4.7,RENT,South,home_improvement,6074.53,60,8.11,759,35.1,0.184,15,0,0
APP000062,2025-12-21,38,67162.32,22,MORTGAGE,West,credit_card,18549.84,60,6.32,786,18.1,0.217,5,0,0
APP000063,2025-01-18,37,71806.43,10.2,MORTGAGE,Midwest,debt_consolidation,13461.41,36,13.0,647,19.0,0.2,16,0,0
APP000064,2025-11-19,33,49016.65,14.2,RENT,South,credit_card,7351.2,36,14.52,614,27.7,0.263,11,0,1
APP000065,2026-05-23,38,61918.55,17.7,RENT,South,vacation,7921.34,60,9.71,721,17.6,0,3,1,0
APP000066,2024-08-16,57,37454.32,9.7,OWN,South,home_improvement,6538.98,36,14.46,632,15.2,0.203,11,1,0
APP000067,2024-12-29,46,55003.46,18.8,MORTGAGE,Midwest,debt_consolidation,13325.4,60,10.57,737,28.8,0,5,0,0
APP000068,2025-08-09,41,119360.91,16.8,MORTGAGE,West,medical,17910.85,36,7.22,743,15.6,0.056,6,0,0
APP000069,2025-03-11,38,70580.47,15.2,RENT,West,debt_consolidation,6566.13,36,10.83,718,0,0.472,9,1,0
APP000070,2024-09-24,36,92490.54,8.0,RENT,West,other,17992.91,60,11.1,670,20.3,0.223,11,0,0
APP000071,2024-01-03,30,36742.4,3.7,MORTGAGE,Northeast,major_purchase,40189.23,60,11.86,685,26.8,0.434,8,0,0
APP000072,2024-01-19,42,62205.84,8.3,RENT,Midwest,other,13008.92,60,9.21,794,18.1,0.367,0,0,0
APP000073,2026-08-21,45,91343.1,7.0,RENT,Northeast,credit_card,8614.28,60,9.83,687,20.3,0,4,1,0
APP000074,2024-07-30,50,80922.91,16.9,RENT,Midwest,car,8837.81,36,12.65,671,26.6,0,9,1,0
APP000075,2026-01-08,28,59952.79,7.9,MORTGAGE,South,credit_card,8557.39,36,9.92,702,29.4,0.39,8,1,0
APP000076,2024-04-26,24,47352.2,8,OWN,South,other,8462.61,36,11.49,638,8.1,0,6,1,0
APP000077,2026-08-02,51,92260.07,7.9,RENT,South,debt_consolidation,17768.61,36,5.0,850,34.5,0,12,2,0
APP000078,2023-11-23,45,80462.11,3.5,MORTGAGE,Midwest,credit_card,16635.71,36,10.22,729,32.3,0,9,4,0
APP000079,2024-10-27,31,45349.51,15,RENT,South,credit_card,10418.58,36,14.14,663,12.3,0,9,0,0
APP000080,2023-09-07,19,39674.18,3,MORTGAGE,South,debt_consolidation,28770.95,36,8.42,761,15.7,0.14,3,0,0
APP000081,2024-10-12,37,95655.86,17.3,MORTGAGE,Midwest,debt_consolidation,13094.71,36,9.97,732,6.9,0.306,16,1,0
APP000082,2023-12-19,63,22074.96,7.6,MORTGAGE,Midwest,car,8774.48,60,12.61,618,4.8,0,9,1,0
APP000083,2025-04-23,56,51301.67,12.7,RENT,West,credit_card,26734.36,36,11.16,673,9.8,0,10,0,0
APP000084,2025-07-06,40,33174.58,17.0,RENT,West,car,12767.07,36,15.21,595,23.8,0,8,1,0
APP000085,2024-07-17,41,50515.23,2.5,RENT,Northeast,medical,9817.31,36,8.76,721,28.3,0.307,10,2,0
APP000086,2024-07-07,50,21791.2,11.4,MORTGAGE,South,home_improvement,10308.05,36,11.11,658,16.1,0,3,0,1
APP000087,2025-07-30,23,81565.83,7,RENT,Midwest,small_business,18143.12,60,9.31,750,21.7,0.188,8,0,0
APP000088,2024-11-05,43,28063.15,2.9,MORTGAGE,South,debt_consolidation,21946.28,36,9.45,784,17.1,0.178,10,1,0
APP000089,2024-07-23,46,27768.77,6.5,MORTGAGE,South,credit_card,20300.04,36,15.65,606,20.1,0.104,6,3,1
APP000090,2026-08-13,57,64607.56,6.2,MORTGAGE,West,debt_consolidation,8182.01,36,10.03,746,8.5,0.278,15,1,0
APP000091,2023-10-02,44,63476.72,21.8,RENT,South,small_business,6040.74,36,10.29,704,31.5,0,13,0,0
APP000092,2026-07-06,42,24410.0,10.3,RENT,West,home_improvement,10751.57,36,12.41,624,41.6,0.338,13,0,0
APP000093,2024-02-09,51,52076.08,7.6,OWN,Midwest,debt_consolidation,6842.89,36,10.05,704,29.9,0.089,4,1,0
APP000094,2026-05-17,26,35968.08,5.6,MORTGAGE,West,major_purchase,11864.36,36,6.44,796,28.3,0.208,14,0,0
APP000095,2026-01-13,54,37535.79,9.9,RENT,South,small_business,11892.02,60,16.09,582,16.5,0,11,1,0
APP000096,2024-04-10,56,78778.37,2.3,OWN,West,debt_consolidation,17415.41,36,11.95,655,24.1,0.31,12,0,0
APP000097,2025-04-15,46,46858.64,15.1,MORTGAGE,West,car,5293.73,60,13.16,621,19.9,0.312,14,0,0
APP000098,2026-04-27,23,48740.04,0.8,RENT,West,debt_consolidation,17944.04,60,11.33,660,8.2,0,2,0,0
APP000099,2025-02-19,18,90345.73,2,OWN,West,debt_consolidation,2707.95,36,10.62,661,29.3,0,13,0,0
APP000100,2026-02-06,47,112178.46,7.6,RENT,Northeast,credit_card,17037.65,60,14.49,591,18.1,0.063,9,1,1
APP000101,2025-11-21,34,33859.48,15.7,OWN,Northeast,debt_consolidation,9387.81,60,9.81,771,16.8,0.215,10,1,0
APP000102,2024-04-25,58,79240.39,4.3,RENT,Northeast,home_improvement,5837.6,60,13.1,614,16.9,0,6,0,0
APP000103,2026-05-08,33,55760.9,2.7,OWN,Northeast,major_purchase,45000,36,13.78,607,21.9,0.22,5,0,1
APP000104,2025-03-14,68,80020.08,10.5,MORTGAGE,South,car,21164.25,36,10.12,673,22.7,0.018,9,0,0
APP000105,2024-04-28,37,52106.04,10.9,OWN,South,debt_consolidation,25515.05,36,13.71,587,22.0,0.275,8,1,0
APP000106,2025-07-30,50,58559.66,7.2,RENT,West,debt_consolidation,8169.7,60,10.04,825,20.5,0.158,7,0,0
APP000107,2024-02-08,21,77454.35,0,OTHER,Midwest,debt_consolidation,5470.13,36,11.49,762,22.5,0.049,11,1,0
APP000108,2024-01-23,40,25735.39,19.4,RENT,Northeast,debt_consolidation,22667.26,36,7.22,800,3.3,0,12,1,0
APP000109,2025-04-10,49,80488.05,15.9,RENT,Midwest,debt_consolidation,25492.6,60,15.84,538,26.5,0,6,2,0
APP000110,2024-07-12,44,72691.55,13.5,RENT,West,car,24310.19,36,9.87,710,25.2,0.353,12,1,0
APP000111,2023-12-16,45,39329.03,15.7,RENT,South,car,8962.55,36,10.1,706,20.2,0.166,7,0,0
APP000112,2024-06-30,54,59416.33,11.8,RENT,South,debt_consolidation,30965.85,60,11.65,708,25.0,0.266,5,0,0
APP000113,2025-09-05,53,29775.71,2.2,RENT,Midwest,debt_consolidation,8679.41,36,12.56,733,12.5,0.093,13,0,0
APP000114,2025-12-17,30,97020.89,14,MORTGAGE,West,vacation,13285.6,36,9.63,705,31.4,0,7,0,0
APP000115,2024-10-16,60,80164.82,12.1,RENT,Midwest,credit_card,21704.21,36,9.88,704,9.2,0,7,1,0
APP000116,2026-04-05,44,39569.2,16.2,MORTGAGE,Northeast,major_purchase,19060.15,36,8.67,715,42.4,0,6,1,0
APP000117,2026-02-19,46,96039.25,9.7,MORTGAGE,West,home_improvement,14888.34,36,5.16,850,20.0,0.053,7,0,0
APP000118,2025-05-28,46,50810.91,15.2,MORTGAGE,Northeast,major_purchase,9607.74,36,8.45,752,14.9,0.041,3,0,0
APP000119,2025-11-06,35,65055.69,10.7,RENT,Northeast,car,12452.69,36,14.39,618,6.2,0.167,4,0,0
APP000120,2023-09-29,55,72229.51,28.0,OWN,Midwest,debt_consolidation,9566.3,36,9.23,669,0,0,14,0,0
APP000121,2024-06-03,46,62210.41,14.2,MORTGAGE,Northeast,credit_card,17020.97,36,7.83,726,21.0,0,14,0,0
APP000122,2023-10-14,47,44525.68,12.8,RENT,South,credit_card,30881.76,36,7.51,822,6.6,0,8,1,0
APP000123,2023-12-07,58,39154.32,15.8,RENT,South,credit_card,15035.43,60,14.64,587,20.0,0.048,9,1,0
APP000124,2025-04-05,37,102005.46,7.2,RENT,South,small_business,36089.89,36,12.11,651,19.8,0,12,0,0
APP000125,2023-12-22,59,68743.84,8.7,OWN,South,small_business,6266.1,36,5.19,814,10.1,0.069,4,0,0
APP000126,2025-08-11,55,45814.76,15.0,MORTGAGE,Midwest,other,10757.79,36,12.16,642,24.1,0.216,0,1,0
APP000127,2025-06-03,37,67424.06,3.1,MORTGAGE,West,car,14472.68,60,9.58,760,18.6,0,7,2,0
APP000128,2024-02-09,31,18892.26,9.7,RENT,Northeast,debt_consolidation,7822.84,60,7.54,744,7.3,0.319,9,1,0
APP000129,2023-09-06,46,33866.72,9.1,RENT,South,credit_card,11745.65,36,7.98,759,26.3,0,6,2,0
APP000130,2024-10-02,52,26268.51,7.0,OWN,Midwest,debt_consolidation,13766.35,60,8.88,826,21.7,0.315,6,1,0
APP000131,2025-07-10,21,55224.83,3.6,RENT,South,debt_consolidation,5486.89,36,11.85,656,4.8,0,7,0,0
APP000132,2025-07-05,25,35059.75,2.3,RENT,South,debt_consolidation,15757.44,36,15.82,590,34.3,0.032,14,1,0
APP000133,2026-06-02,32,27142.8,12.5,OWN,Midwest,car,11088.7,36,17.78,495,27.9,0.276,11,1,1
APP000134,2024-08-30,41,88897.66,6.0,OWN,Northeast,debt_consolidation,11553.44,60,5.0,839,21.0,0,4,1,0
APP000135,2025-11-03,57,53614.24,2.6,MORTGAGE,South,credit_card,18461.06,36,8.11,756,15.0,0.1,1,1,0
APP000136,2024-05-12,28,28838.75,12,MORTGAGE,West,credit_card,5865.78,36,9.08,729,28.5,0,19,0,0
APP000137,2025-01-14,20,144540.42,0,MORTGAGE,South,credit_card,8263.13,36,13.85,582,16.4,0,10,3,1
APP000138,2026-05-27,38,144351.23,17.6,MORTGAGE,West,debt_consolidation,14223.28,36,12.96,634,15.6,0,10,0,0
APP000139,2025-06-15,26,22504.06,10,MORTGAGE,South,car,19795.24,36,13.65,635,21.5,0.251,6,1,0
APP000140,2026-05-11,57,112227.87,6.9,MORTGAGE,Midwest,car,22074.22,60,7.88,789,19.0,0,5,1,0
APP000141,2026-05-30,41,44147.16,8.4,MORTGAGE,Midwest,home_improvement,17826.81,60,9.9,755,9.0,0.248,14,2,0
APP000142,2025-08-17,36,57288.58,17.1,MORTGAGE,South,home_improvement,22321.88,60,11.98,680,21.9,0.026,14,2,0
APP000143,2025-08-23,40,33629.56,9.0,RENT,South,small_business,18134.0,36,9.78,686,32.9,0.333,2,1,0
APP000144,2024-11-15,38,20293.19,6.1,MORTGAGE,Midwest,debt_consolidation,45000,36,11.63,668,22.4,0,5,1,1
APP000145,2025-06-24,43,27842.5,9.2,RENT,West,other,13966.48,36,9.03,785,28.9,0.169,6,0,0
APP000146,2026-06-02,32,68893.33,2.9,MORTGAGE,Northeast,credit_card,13151.92,36,10.39,661,13.3,0.199,9,0,0
APP000147,2025-12-25,66,46500.18,18.1,MORTGAGE,Midwest,medical,13442.38,60,11.43,698,11.3,0,11,1,0
APP000148,2025-04-08,45,23142.35,9.6,RENT,South,major_purchase,13662.12,36,12.79,680,26.0,0.466,5,1,0
APP000149,2024-03-24,39,47349.08,5.1,RENT,South,debt_consolidation,8822.11,36,10.9,669,18.2,0.185,5,1,0
APP000150,2026-06-20,52,45606.37,8.6,MORTGAGE,West,car,24177.73,36,8.01,770,17.2,0.189,8,2,0
APP000151,2025-09-02,18,49975.67,0,OWN,South,small_business,12292.55,36,12.12,652,27.3,0.316,4,1,0
APP000152,2024-07-20,35,71527.18,17.9,RENT,South,other,20626.93,36,6.02,793,21.3,0,11,0,0
APP000153,2026-01-04,28,56146.18,0.6,RENT,Midwest,major_purchase,7576.54,36,7.01,771,15.4,0,4,0,0
APP000154,2026-03-12,30,52865.76,14,RENT,West,debt_consolidation,34943.45,36,7.67,768,15.8,0,5,1,0
APP000155,2026-02-18,30,54011.92,7.8,RENT,South,debt_consolidation,32708.37,60,13.79,652,25.0,0.04,11,0,0
APP000156,2026-03-16,64,68182.82,17.3,MORTGAGE,Midwest,medical,13598.0,60,13.23,622,10.4,0,1,1,0
APP000157,2023-12-20,50,24093.01,7.7,MORTGAGE,Midwest,credit_card,18081.81,36,11.31,716,14.3,0.177,11,0,0
APP000158,2025-11-10,55,78181.11,19.9,MORTGAGE,South,small_business,6007.71,36,9.68,682,34.9,0,14,0,0
APP000159,2026-09-03,37,41126.24,10.5,MORTGAGE,South,credit_card,15508.11,36,12.18,591,11.8,0.203,13,1,0
APP000160,2025-04-09,40,50202.23,4.8,MORTGAGE,Midwest,credit_card,12204.38,36,6.2,760,37.5,0.102,9,0,0
APP000161,2024-10-03,56,129887.22,10.4,OWN,Northeast,credit_card,9235.18,60,7.63,776,19.3,0.263,14,0,0
APP000162,2025-02-18,54,54946.94,4.3,MORTGAGE,Northeast,home_improvement,15016.96,36,8.46,825,20.1,0,0,1,0
APP000163,2024-11-06,68,44224.19,10.7,MORTGAGE,South,credit_card,6256.0,36,12.82,666,20.5,0.213,3,0,0
APP000164,2025-11-01,59,94272.55,11.6,OTHER,West,major_purchase,22877.67,60,9.02,753,26.2,0.014,12,1,0
APP000165,2024-09-29,54,68290.22,12.4,RENT,Midwest,medical,15965.55,36,12.88,653,32.6,0.222,9,0,0
APP000166,2025-10-07,42,64995.45,15.9,RENT,West,debt_consolidation,16023.53,36,11.52,678,29.9,0,14,0,0
APP000167,2024-06-12,34,83013.67,18,MORTGAGE,Midwest,medical,11683.38,36,15.84,558,34.8,0.203,6,1,1
APP000168,2025-09-06,35,94954.24,10.1,OWN,South,car,29777.67,60,13.59,667,24.1,0,14,0,0
APP000169,2024-12-29,22,92095.64,6,RENT,South,debt_consolidation,11632.16,36,13.25,627,12.5,0,8,1,0
APP000170,2024-05-11,42,46595.98,12.1,RENT,West,medical,15309.21,60,10.36,700,12.7,0,7,0,0
APP000171,2023-11-18,47,31660.15,13.4,MORTGAGE,Northeast,debt_consolidation,7573.36,36,15.59,571,31.5,0.314,19,1,0
APP000172,2024-12-03,41,69164.81,6.4,MORTGAGE,South,debt_consolidation,36604.61,60,5.0,825,15.6,0.106,8,2,0
APP000173,2025-10-21,52,83661.05,20.1,MORTGAGE,South,home_improvement,21381.45,36,8.27,756,30.0,0.199,11,1,0
APP000174,2025-08-17,45,60951.3,19.0,RENT,West,debt_consolidation,11037.44,36,8.38,750,12.4,0,3,0,0
APP000175,2024-07-02,35,111561.39,18.0,OWN,Midwest,home_improvement,10017.0,36,10.32,720,17.5,0,1,1,0
APP000176,2026-04-11,58,49631.75,14.8,RENT,Midwest,major_purchase,15965.2,36,9.66,744,34.1,0,11,0,0
APP000177,2025-09-02,56,51369.49,7.8,MORTGAGE,Midwest,debt_consolidation,5160.48,36,11.64,605,34.6,0.339,7,0,0
APP000178,2024-11-10,35,86505.11,12.8,OWN,South,car,20876.07,60,13.1,586,17.8,0.303,9,1,0
APP000179,2024-08-13,33,51424.26,10.4,RENT,South,home_improvement,10245.45,60,11.86,656,0,0.193,9,3,0
APP000180,2025-11-01,35,58877.84,9.6,RENT,South,car,13691.49,60,6.18,789,29.8,0,10,2,0
APP000181,2023-09-26,39,58626.13,8.7,MORTGAGE,South,medical,9530.47,36,15.19,562,29.3,0,5,1,0
APP000182,2025-07-02,46,50237.42,5.9,OWN,Northeast,debt_consolidation,14741.34,60,5.0,850,16.2,0,13,0,0
APP000183,2025-01-12,45,84409.69,19.3,MORTGAGE,South,debt_consolidation,10350.83,60,17.17,511,0.2,0.362,5,1,1
APP000184,2023-11-12,28,35015.48,0,MORTGAGE,South,credit_card,9600.7,36,5.0,839,30.2,0,4,0,0
APP000185,2025-07-16,50,86059.63,13.8,MORTGAGE,South,debt_consolidation,4415.69,36,11.11,646,30.4,0,12,1,0
APP000186,2025-03-06,33,88158.23,8.8,MORTGAGE,South,credit_card,4566.18,60,11.64,684,0,0,5,2,0
APP000187,2024-02-09,29,51342.57,5.8,RENT,West,debt_consolidation,17094.52,36,9.12,722,31.1,0.121,17,1,0
APP000188,2025-09-28,33,72814.74,3.3,OTHER,Midwest,debt_consolidation,7326.87,60,14.38,596,34.1,0.353,6,1,0
APP000189,2025-12-24,38,55846.45,10.7,MORTGAGE,South,debt_consolidation,32402.52,36,9.97,732,12.4,0.088,4,0,0
APP000190,2025-07-15,51,60966.18,20.1,MORTGAGE,Midwest,debt_consolidation,22119.24,60,9.57,754,19.2,0,8,0,0
APP000191,2026-06-29,41,54799.45,11.1,RENT,West,home_improvement,10157.56,36,9.98,729,9.2,0,3,0,0
APP000192,2023-09-20,21,50872.33,4.7,RENT,South,debt_consolidation,9573.97,36,10.93,678,15.5,0.157,3,0,0
APP000193,2025-05-15,43,24818.85,16.0,OWN,South,home_improvement,11867.54,60,6.07,787,25.4,0,7,1,0
APP000194,2024-10-27,18,49785.6,2,RENT,South,debt_consolidation,20827.42,36,10.93,707,8.8,0,6,0,0
APP000195,2024-07-27,53,53888.77,8.8,MORTGAGE,South,debt_consolidation,19519.32,36,10.19,721,26.4,0,13,1,0
APP000196,2025-08-10,25,69303.61,0.8,RENT,West,small_business,11364.55,60,6.9,759,32.1,0.019,9,0,0
APP000197,2025-07-01,18,44242.66,1.3,RENT,South,medical,23576.47,36,8.69,694,17.5,0,13,0,0
APP000198,2024-01-13,48,38875.07,9.3,MORTGAGE,Midwest,debt_consolidation,14104.86,36,7.39,768,21.7,0.219,9,0,0
APP000199,2024-12-07,52,32521.27,13.8,RENT,South,vacation,14768.3,36,13.22,643,6.8,0.156,7,2,0
APP000200,2026-01-27,24,113870.38,6.5,MORTGAGE,South,credit_card,22737.95,36,9.13,747,30.5,0,6,1,0
APP000201,2024-01-29,28,57370.06,1.4,RENT,Northeast,major_purchase,13753.04,60,12.8,595,29.2,0.184,10,3,1
APP000202,2025-07-09,46,70002.56,9.8,MORTGAGE,South,small_business,11271.53,36,7.08,766,6.8,0.198,4,0,0
APP000203,2025-06-28,35,87009.09,19,RENT,South,major_purchase,10035.01,36,8.52,770,18.3,0,14,3,0
APP000204,2025-08-31,29,75012.31,0.8,OTHER,South,debt_consolidation,9858.6,36,5.42,811,36.9,0.191,8,1,0
APP000205,2025-02-08,21,49027.73,5,MORTGAGE,Northeast,other,14325.83,60,10.45,681,22.6,0,13,1,0
APP000206,2025-03-19,42,22604.73,17.8,MORTGAGE,West,credit_card,9764.3,60,10.84,738,29.6,0,5,1,0
APP000207,2023-09-19,34,103759.97,12.6,RENT,West,credit_card,17334.37,36,13.43,682,26.0,0.127,6,0,0
APP000208,2023-09-09,33,32383.28,17,MORTGAGE,Northeast,medical,10466.25,36,5.42,837,44.1,0,8,2,0
APP000209,2025-03-30,36,37228.39,6.5,OWN,South,home_improvement,4009.54,36,12.89,629,25.3,0.346,10,1,0
APP000210,2026-01-01,31,59884.1,11.9,RENT,Midwest,debt_consolidation,29457.33,36,17.17,560,14.0,0,13,1,1
APP000211,2026-05-03,32,98087.22,8.4,MORTGAGE,West,debt_consolidation,6107.84,36,10.8,707,16.0,0,12,1,0
APP000212,2026-06-18,63,37594.99,27.2,RENT,South,debt_consolidation,4859.49,60,7.37,784,19.1,0,6,1,0
APP000213,2024-06-05,39,114626.1,21.3,MORTGAGE,South,credit_card,7897.28,60,16.23,501,19.7,0.034,9,1,1
APP000214,2024-02-26,55,25277.32,4.2,MORTGAGE,South,car,7232.09,36,5.69,807,27.5,0,5,0,0
APP000215,2026-02-16,52,35102.93,12.6,RENT,South,car,44604.47,36,12.95,644,25.9,0.13,8,2,0
APP000216,2024-08-07,43,54399.37,13.2,OWN,South,small_business,10058.15,36,12.88,655,25.3,0.083,15,1,0
APP000217,2025-09-11,18,109866.02,2,MORTGAGE,Midwest,major_purchase,12452.92,36,8.7,692,20.3,0.169,3,1,0
APP000218,2024-01-06,39,86397.22,0,MORTGAGE,West,debt_consolidation,9237.51,36,11.34,690,21.4,0,8,0,0
APP000219,2025-05-25,56,32003.33,23.5,RENT,South,credit_card,9013.18,36,10.75,705,34.4,0.088,13,1,0
APP000220,2025-09-20,52,52662.17,9.0,RENT,West,debt_consolidation,7480.45,36,10.6,730,26.3,0,7,0,0
APP000221,2024-01-14,33,47693.17,10.6,OWN,West,vacation,11064.38,60,8.86,726,16.7,0.405,10,1,0
APP000222,2024-01-28,27,65081.56,0.4,OTHER,South,debt_consolidation,10973.49,36,5.0,780,17.8,0.2,8,0,0
APP000223,2025-09-10,50,78473.15,7.7,MORTGAGE,Northeast,car,14326.13,36,14.26,580,25.2,0,1,1,0
APP000224,2024-02-21,26,41701.08,8.5,RENT,South,credit_card,11299.58,60,13.55,647,12.3,0.116,3,1,0
APP000225,2026-04-28,50,53089.44,0,MORTGAGE,Midwest,debt_consolidation,14550.04,36,8.67,743,17.1,0,2,0,0
APP000226,2025-09-28,44,65617.03,6.6,RENT,Midwest,small_business,3290.33,36,11.73,681,24.6,0.095,4,1,0
APP000227,2026-07-14,49,40849.72,18.3,OTHER,South,debt_consolidation,12441.53,60,13.05,645,1.1,0,6,2,0
APP000228,2026-05-14,49,95238.07,6.9,OWN,South,debt_consolidation,6696.66,36,9.67,708,18.9,0.066,4,1,0
APP000229,2026-08-10,46,139725.0,18.9,RENT,South,major_purchase,10736.95,60,11.28,701,25.9,0,4,1,0
APP000230,2024-05-08,52,75476.81,13.8,OWN,Northeast,other,15642.76,60,9.45,666,40.0,0,8,0,0
APP000231,2025-01-22,26,82048.22,9.8,RENT,South,debt_consolidation,4151.59,36,9.69,723,14.8,0.087,1,0,0
APP000232,2024-09-04,48,63522.21,12.1,RENT,Midwest,debt_consolidation,7955.44,60,9.19,730,31.5,0.206,4,1,0
APP000233,2023-12-15,37,36675.56,20.3,RENT,Midwest,credit_card,7449.9,36,12.46,596,9.7,0.243,12,1,0
APP000234,2025-11-16,55,63639.72,13.4,RENT,West,credit_card,5834.18,36,7.9,783,40.5,0,6,0,0
APP000235,2025-07-21,38,104904.01,15.9,OWN,Midwest,debt_consolidation,15146.97,36,11.07,693,17.1,0,14,1,0
APP000236,2024-08-14,51,93558.1,20.1,RENT,South,car,7412.34,60,14.65,533,28.3,0.277,12,1,0
APP000237,2024-03-08,48,104847.07,20.2,RENT,Midwest,credit_card,24458.11,36,13.83,608,21.1,0.273,4,0,0
APP000238,2024-05-29,53,93990.89,1.4,MORTGAGE,South,other,7342.38,60,8.56,759,36.9,0.092,8,0,0
APP000239,2026-02-12,51,30282.0,3.8,MORTGAGE,Midwest,debt_consolidation,13802.78,36,12.12,634,23.1,0.297,5,1,0
APP000240,2026-01-03,18,62009.76,2,MORTGAGE,South,credit_card,12476.36,60,10.85,698,17.5,0.158,13,1,0
APP000241,2024-06-24,36,53257.05,17.4,MORTGAGE,South,major_purchase,23633.33,36,14.88,541,15.1,0.054,7,1,1
APP000242,2026-04-22,57,46063.97,7.4,MORTGAGE,South,other,8754.76,36,15.06,568,17.6,0.027,7,2,0
APP000243,2024-10-08,47,56720.86,14.4,RENT,South,credit_card,11805.31,36,12.64,644,13.2,0.452,11,1,0
APP000244,2023-11-05,50,77591.43,14.5,MORTGAGE,South,debt_consolidation,10799.81,36,8.87,798,21.2,0,11,2,0
APP000245,2026-05-04,27,37335.81,11,OWN,South,credit_card,10389.35,60,16.06,628,14.2,0,10,2,0
APP000246,2024-03-24,39,41856.71,17.3,MORTGAGE,Northeast,credit_card,2990.68,36,5.72,789,14.1,0,15,1,0
APP000247,2025-12-30,48,74960.44,9.7,RENT,West,small_business,13720.7,36,14.07,581,17.5,0,16,2,0
APP000248,2026-01-15,38,81205.08,16.2,RENT,West,debt_consolidation,6822.33,36,10.57,665,35.0,0,13,0,0
APP000249,2025-12-28,25,93401.11,9,RENT,Midwest,home_improvement,6023.58,60,9.55,658,3.9,0,3,1,0
APP000250,2025-03-18,39,72919.67,23,MORTGAGE,West,medical,4882.29,36,11.03,700,25.8,0,6,0,0
APP000251,2024-05-16,31,138393.2,15,RENT,South,debt_consolidation,44794.04,60,12.39,672,22.7,0,11,1,0
APP000252,2026-03-05,31,126818.84,11.6,OWN,Midwest,other,7121.39,60,12.23,628,24.0,0,5,1,0
APP000253,2024-02-08,48,90628.27,18.8,RENT,West,debt_consolidation,11283.83,36,11.3,699,28.7,0,9,3,0
APP000254,2025-12-07,48,38358.34,18.0,MORTGAGE,West,major_purchase,12083.36,60,13.06,677,10.1,0,11,1,0
APP000255,2025-03-12,26,37880.45,5.1,OWN,West,medical,30076.63,36,5.64,839,13.3,0,9,0,0
APP000256,2025-11-04,40,120213.37,11.4,MORTGAGE,West,debt_consolidation,13340.42,36,15.66,597,34.6,0.378,5,1,1
APP000257,2026-01-29,61,40891.31,18.7,OWN,South,debt_consolidation,9404.2,36,13.39,626,21.6,0.11,7,2,1
APP000258,2026-03-05,35,24918.16,16.3,RENT,West,debt_consolidation,10684.66,36,16.91,587,26.1,0.395,8,2,1
APP000259,2026-03-03,44,44423.94,17.7,RENT,South,debt_consolidation,6947.06,36,8.29,734,20.4,0,12,0,0
APP000260,2026-03-31,19,32084.37,0,MORTGAGE,South,car,23585.3,36,9.48,724,20.1,0.114,9,1,0
APP000261,2024-10-04,27,48516.48,8.4,MORTGAGE,South,debt_consolidation,9385.34,60,9.55,663,4.0,0,10,0,0
APP000262,2026-01-17,36,102823.49,15.9,OTHER,South,credit_card,10410.68,36,6.52,812,31.7,0,11,1,0
APP000263,2025-04-25,38,27203.2,8.3,OWN,South,medical,5267.41,36,8.83,726,32.9,0.221,8,1,0
APP000264,2024-11-26,56,78118.74,12.7,MORTGAGE,South,home_improvement,11530.0,60,9.47,693,41.3,0.13,7,1,0
APP000265,2024-05-03,39,71883.06,20.6,OWN,South,major_purchase,16946.18,60,13.69,609,25.4,0,3,1,0
APP000266,2026-06-30,25,111127.08,9,OTHER,Midwest,debt_consolidation,10222.55,36,17.03,552,18.6,0.398,15,1,0
APP000267,2024-08-24,38,33975.42,14.5,RENT,South,home_improvement,7624.62,36,18.63,436,29.7,0.314,14,2,1
APP000268,2025-05-24,49,22891.95,2.3,RENT,South,credit_card,14416.99,36,11.03,685,24.2,0.09,10,0,0
APP000269,2024-12-19,18,57201.31,2,OWN,South,debt_consolidation,6161.33,60,8.91,771,18.3,0.165,6,0,0
APP000270,2024-12-03,31,60778.3,15,OWN,South,debt_consolidation,12515.47,36,16.67,538,10.2,0.302,11,2,1
APP000271,2023-09-07,41,60428.56,8.5,MORTGAGE,West,credit_card,32603.52,60,10.64,709,6.1,0,14,0,0
APP000272,2024-06-01,34,58712.34,6.5,MORTGAGE,Northeast,credit_card,7693.52,36,17.03,563,10.2,0.006,13,1,0
APP000273,2025-01-18,29,38219.12,10.3,MORTGAGE,West,medical,10878.97,36,11.29,614,27.0,0,6,0,0
APP000274,2023-11-05,43,52211.11,17.1,OWN,South,credit_card,11038.83,36,9.36,686,30.4,0,12,0,0
APP000275,2023-10-01,42,20319.41,3.1,MORTGAGE,South,debt_consolidation,14122.32,36,7.7,785,34.5,0.376,5,0,0
APP000276,2025-09-24,54,73747.98,22.2,RENT,South,credit_card,9515.71,60,6.54,819,16.2,0,0,0,0
APP000277,2024-11-21,49,63678.6,21.4,MORTGAGE,South,debt_consolidation,21437.54,36,8.46,739,20.5,0.352,10,0,0
APP000278,2026-09-01,44,82700.87,8.3,MORTGAGE,West,debt_consolidation,12760.66,36,10.77,722,36.6,0,7,1,0
APP000279,2023-11-05,57,63386.21,10.0,RENT,South,debt_consolidation,18862.83,60,5.0,850,30.3,0,10,0,0
APP000280,2026-03-21,38,78553.46,9.4,RENT,West,credit_card,5488.11,36,8.34,742,22.7,0,19,1,0
APP000281,2025-05-12,38,82396.94,10.1,OWN,Northeast,credit_card,6214.02,36,14.31,602,36.6,0,5,0,1
APP000282,2023-09-08,37,36296.43,2.6,MORTGAGE,West,debt_consolidation,2965.68,60,13.74,696,15.9,0,8,0,0
APP000283,2024-10-29,31,28112.0,0.7,MORTGAGE,South,debt_consolidation,19585.88,36,13.3,636,14.2,0,14,0,0
APP000284,2026-06-27,57,66585.13,1.2,OWN,South,medical,15891.64,60,10.53,708,18.2,0,11,0,0
APP000285,2026-07-12,55,63930.66,6.1,MORTGAGE,South,credit_card,4084.43,36,11.29,712,24.0,0,1,2,0
APP000286,2024-08-09,44,31599.25,18.4,OWN,Midwest,medical,16277.61,60,8.06,755,22.0,0,6,0,0
APP000287,2026-02-01,24,38381.08,5.0,MORTGAGE,South,car,9054.98,36,10.52,733,10.4,0,10,1,0
APP000288,2024-08-27,47,41660.13,12.1,OTHER,Northeast,credit_card,7192.97,36,11.11,697,16.7,0.225,6,0,0
APP000289,2024-07-29,49,71039.13,12.7,MORTGAGE,West,vacation,7516.17,60,11.96,643,19.9,0,8,0,0
APP000290,2023-10-27,53,87396.69,21.0,MORTGAGE,West,medical,13668.67,60,11.29,625,20.4,0.023,10,1,0
APP000291,2026-03-15,34,77712.87,11.6,MORTGAGE,Northeast,credit_card,9317.05,60,17.39,491,24.6,0.136,6,1,1
APP000292,2025-04-09,55,43692.82,19.0,RENT,Midwest,debt_consolidation,8974.82,36,9.01,715,13.3,0.374,10,1,0
APP000293,2025-05-27,48,30442.49,3.7,MORTGAGE,South,credit_card,6928.63,60,5.0,850,26.5,0.249,9,1,0
APP000294,2026-07-18,33,48293.86,5.5,MORTGAGE,Midwest,credit_card,32785.48,36,12.38,637,19.7,0.395,9,2,0
APP000295,2025-07-23,47,71480.62,12.7,RENT,Northeast,major_purchase,13264.94,60,10.24,780,15.3,0,3,1,0
APP000296,2025-07-15,54,55958.35,12.9,OWN,Midwest,debt_consolidation,17489.05,36,5.0,807,28.5,0,5,0,0
APP000297,2025-08-24,37,31406.96,7.6,RENT,West,home_improvement,18008.08,36,8.56,725,15.6,0.332,8,1,0
APP000298,2024-02-01,36,60023.09,20,MORTGAGE,West,credit_card,8052.1,36,9.45,735,36.7,0.338,11,0,0
APP000299,2026-03-29,40,50739.33,0.2,RENT,Northeast,debt_consolidation,12661.72,36,5.68,824,36.7,0,5,3,0
APP000300,2026-02-18,39,57513.69,8.5,MORTGAGE,Midwest,debt_consolidation,30872.94,36,12.96,708,35.6,0,10,1,0
APP000301,2025-02-10,45,35425.97,8.8,RENT,Midwest,credit_card,11510.51,36,8.55,746,27.6,0.184,10,0,0
APP000302,2024-10-17,32,28348.8,13.0,OTHER,Midwest,major_purchase,20411.44,36,9.24,756,46.5,0,8,1,0
APP000303,2025-12-03,52,56843.5,8.6,MORTGAGE,South,debt_consolidation,7783.91,60,16.44,565,21.7,0.095,11,1,0
APP000304,2026-04-13,58,64583.28,0,MORTGAGE,South,major_purchase,8873.88,36,14.29,661,41.2,0,9,1,0
APP000305,2024-08-28,75,31467.2,18.0,MORTGAGE,Midwest,other,8349.77,60,11.47,705,20.5,0.018,9,1,0
APP000306,2024-01-16,45,167564.06,2.2,MORTGAGE,South,debt_consolidation,8898.59,36,11.55,686,22.5,0,7,1,0
APP000307,2026-05-08,42,46726.42,11.7,MORTGAGE,Midwest,medical,14679.93,60,14.41,621,27.1,0.317,15,2,0
APP000308,2026-03-23,19,105883.9,1.1,OWN,Northeast,car,45000,60,8.78,711,15.1,0.105,2,0,0
APP000309,2024-12-12,46,77327.86,17.8,MORTGAGE,Northeast,credit_card,23543.67,60,11.93,622,46.8,0.261,13,0,0
APP000310,2024-03-15,41,49331.79,20.5,MORTGAGE,Midwest,debt_consolidation,17217.01,60,10.36,769,19.5,0,12,1,0
APP000311,2024-10-13,24,38195.01,0,RENT,Northeast,credit_card,26021.66,36,12.74,644,27.6,0,9,1,0
APP000312,2024-11-06,34,40150.38,9.1,OWN,South,credit_card,7589.6,36,10.93,748,11.0,0.217,11,1,0
APP000313,2026-01-10,42,134771.81,18.9,MORTGAGE,Northeast,major_purchase,8868.8,36,13.64,580,41.3,0.442,3,4,1
APP000314,2024-10-01,43,65356.47,18.9,MORTGAGE,West,credit_card,6490.4,36,5.39,850,24.4,0,8,1,0
APP000315,2024-07-01,37,42608.45,2.4,OWN,South,other,4927.17,36,15.37,544,14.5,0.124,14,1,1
APP000316,2023-12-29,40,57145.89,7.4,RENT,West,major_purchase,13734.4,60,16.12,561,23.7,0.356,12,1,0
APP000317,2024-06-24,43,72964.35,16.9,RENT,South,debt_consolidation,11547.0,36,10.98,658,3.0,0.051,8,3,0
APP000318,2026-02-07,50,86573.6,10.7,RENT,Midwest,major_purchase,4170.13,36,12.62,640,33.4,0,13,1,0
APP000319,2025-09-15,48,100913.14,11.8,MORTGAGE,Northeast,credit_card,11594.27,36,7.0,789,2.9,0,14,1,0
APP000320,2024-03-29,31,64549.57,14.5,MORTGAGE,Midwest,home_improvement,16844.92,60,13.21,577,16.5,0,5,1,0
APP000321,2026-08-24,49,182181.42,15.8,MORTGAGE,South,debt_consolidation,36803.19,36,13.61,611,19.6,0.047,7,3,0
APP000322,2024-09-12,34,30251.0,14.8,OWN,West,credit_card,10612.43,36,8.91,729,28.6,0,7,0,0
APP000323,2025-03-01,23,62724.4,4.4,MORTGAGE,South,debt_consolidation,7862.86,60,8.01,733,23.3,0,7,1,0
APP000324,2024-12-15,40,102888.55,5.9,RENT,Midwest,major_purchase,10558.76,36,8.43,774,16.9,0,9,0,0
APP000325,2025-11-15,43,41875.14,9.5,MORTGAGE,Midwest,home_improvement,21593.96,36,9.39,677,29.8,0.081,5,1,0
APP000326,2025-04-30,55,68078.82,9.5,OWN,West,car,10554.59,36,19.01,476,9.8,0,4,1,0
APP000327,2025-04-21,43,83831.17,13.8,MORTGAGE,South,car,25751.84,60,16.71,527,22.9,0.187,16,2,0
APP000328,2024-06-19,40,63798.17,24,OWN,South,credit_card,8179.87,60,10.85,689,16.2,0.0,9,1,0
APP000329,2025-10-24,32,103614.1,16,RENT,Northeast,credit_card,5355.81,36,8.64,777,24.5,0.134,6,0,0
APP000330,2025-12-17,55,53047.13,12.6,RENT,Midwest,credit_card,5935.37,36,11.18,630,8.1,0.117,14,0,0
APP000331,2025-10-26,43,56042.13,0,MORTGAGE,Midwest,credit_card,16645.67,36,11.02,734,13.7,0,9,0,0
APP000332,2025-06-06,33,87555.27,15.5,RENT,Midwest,credit_card,9461.71,36,8.29,731,11.8,0.295,10,1,0
APP000333,2026-08-07,27,64520.34,9.9,RENT,West,debt_consolidation,9781.62,36,11.21,682,30.1,0.014,9,1,0
APP000334,2024-10-01,22,86793.99,0,RENT,West,other,7114.51,60,9.08,802,16.2,0.122,6,1,0
APP000335,2025-12-13,21,56709.58,4.6,RENT,South,credit_card,7783.09,36,8.3,748,29.5,0.002,5,0,0
APP000336,2025-06-09,70,88959.52,15.8,RENT,South,debt_consolidation,12295.57,36,10.97,681,10.2,0,7,0,0
APP000337,2025-12-04,40,34827.71,15.0,MORTGAGE,Midwest,other,19632.7,60,11.85,660,40.8,0.094,11,0,0
APP000338,2024-03-29,50,75765.39,22.3,MORTGAGE,Midwest,debt_consolidation,38859.8,36,9.41,742,28.1,0.083,7,1,0
APP000339,2024-07-22,45,40676.27,10.5,OTHER,South,debt_consolidation,24964.31,60,10.59,724,17.1,0.176,4,0,0
APP000340,2026-09-01,45,79666.38,18.8,RENT,Midwest,home_improvement,12576.65,36,17.69,527,39.7,0.397,8,1,0
APP000341,2023-09-13,54,24964.44,13.0,RENT,West,vacation,13529.54,60,11.7,715,47.3,0.109,16,0,0
APP000342,2026-04-19,48,62954.61,19.2,OWN,West,other,6581.57,36,14.53,614,27.6,0.198,6,2,0
APP000343,2025-05-20,24,36675.67,8,OWN,South,credit_card,11820.73,36,6.34,785,34.3,0,3,0,0
APP000344,2024-08-03,51,104888.25,3.9,OWN,West,other,16346.92,36,15.99,632,22.1,0.17,8,0,0
APP000345,2026-08-07,53,52629.57,16.9,MORTGAGE,South,vacation,10340.42,60,10.93,715,26.7,0.224,2,1,0
APP000346,2026-03-29,48,55141.64,21.8,OTHER,West,credit_card,5878.26,36,9.98,717,29.5,0.224,3,1,0
APP000347,2026-06-29,31,103692.56,13.0,MORTGAGE,South,debt_consolidation,8029.87,60,6.72,764,37.5,0.308,2,0,0
APP000348,2024-01-29,46,54282.47,28.9,OWN,South,credit_card,10166.99,60,9.15,755,29.2,0,10,1,0
APP000349,2026-04-03,20,42230.18,0,RENT,South,debt_consolidation,15054.53,60,10.55,672,17.0,0.161,4,2,0
APP000350,2023-12-09,37,74076.43,12.9,RENT,South,major_purchase,5835.0,60,13.5,698,34.0,0.072,3,1,0
APP000351,2025-10-14,49,34989.39,7.3,MORTGAGE,West,debt_consolidation,19192.8,36,5.5,801,6.6,0,12,1,0
APP000352,2025-10-20,31,44164.66,15,MORTGAGE,Midwest,debt_consolidation,4207.55,36,14.9,605,4.0,0.032,6,1,0
APP000353,2025-01-03,46,68930.9,15.3,MORTGAGE,Midwest,credit_card,23035.0,60,9.71,741,5.5,0.277,10,0,0
APP000354,2024-11-24,51,23189.88,2.9,OTHER,South,vacation,9787.52,60,9.47,709,17.6,0.409,13,1,0
APP000355,2023-11-16,53,55888.9,10.9,RENT,West,other,12179.87,36,16.78,546,27.8,0.032,4,1,1
APP000356,2023-11-22,30,59351.27,7.5,MORTGAGE,Midwest,credit_card,4128.84,36,6.99,770,26.7,0,10,0,0
APP000357,2024-11-22,30,67686.59,6.7,MORTGAGE,West,debt_consolidation,23413.59,60,8.99,731,8.1,0.374,12,1,0
APP000358,2025-03-20,67,28220.59,12.8,MORTGAGE,Northeast,credit_card,12131.5,60,5.49,850,35.5,0,2,0,0
APP000359,2025-03-19,47,27275.61,16.5,RENT,West,debt_consolidation,19121.95,60,16.75,484,19.7,0.149,3,1,0
APP000360,2025-08-31,33,58889.35,6.0,RENT,Northeast,other,10109.06,36,15.63,608,9.0,0,9,1,0
APP000361,2025-07-22,55,110498.37,7.0,MORTGAGE,Midwest,debt_consolidation,7387.71,60,9.99,744,28.2,0,12,1,0
APP000362,2024-09-11,38,54635.44,9.3,MORTGAGE,South,car,26451.74,60,5.21,817,16.7,0,10,2,0
APP000363,2024-01-24,38,56179.66,10.4,RENT,Northeast,medical,6033.24,36,13.23,650,40.0,0.203,10,0,0
APP000364,2024-07-11,37,41404.45,16.5,RENT,South,debt_consolidation,9423.79,36,8.32,716,7.3,0.035,6,1,0
APP000365,2024-12-01,43,92098.77,12.2,OWN,Midwest,credit_card,10245.37,36,7.39,779,22.3,0.09,4,0,0
APP000366,2026-05-28,41,185673.87,19.0,MORTGAGE,South,small_business,14474.08,36,11.41,681,35.0,0,0,0,0
APP000367,2025-05-29,51,87489.76,14.4,MORTGAGE,South,home_improvement,6427.33,60,8.53,684,28.1,0,8,1,0
APP000368,2025-10-23,52,31302.97,5.1,MORTGAGE,West,credit_card,12231.87,60,8.19,811,36.5,0,3,1,0
APP000369,2024-01-02,46,92841.01,14.0,MORTGAGE,Northeast,debt_consolidation,11410.39,36,11.95,584,26.1,0.209,4,2,1
APP000370,2026-01-19,30,51678.96,14,RENT,South,credit_card,11873.07,36,10.64,675,10.1,0,8,2,0
APP000371,2023-11-08,44,45336.02,12.5,MORTGAGE,Midwest,credit_card,15310.6,36,6.69,736,26.2,0.119,7,0,0
APP000372,2024-01-10,32,24734.02,16,OWN,South,debt_consolidation,9205.19,36,16.82,592,31.5,0.014,11,1,1
APP000373,2026-01-16,48,56303.69,5.0,RENT,South,credit_card,30678.73,60,10.0,711,25.5,0,11,1,0
APP000374,2025-02-15,55,49085.97,15.7,RENT,South,home_improvement,9695.47,60,5.97,756,8.4,0.216,5,0,0
APP000375,2026-05-18,55,40253.92,13.9,RENT,Northeast,small_business,7255.73,36,13.91,609,26.5,0,6,1,0
APP000376,2025-11-22,41,85587.17,13.0,RENT,West,car,13405.44,60,9.36,668,34.4,0,7,1,0
APP000377,2026-07-09,43,58398.51,15.1,OWN,South,major_purchase,10566.85,36,7.83,779,28.6,0.131,6,1,0
APP000378,2023-10-23,40,60718.41,14.8,RENT,West,home_improvement,45000,36,11.13,713,6.4,0,2,0,0
APP000379,2025-12-28,49,54743.84,13.3,RENT,South,debt_consolidation,11344.93,60,13.37,620,4.5,0,8,1,0
APP000380,2026-01-27,54,34104.15,13.1,RENT,Midwest,credit_card,13698.52,36,5.0,845,13.4,0,10,1,0
APP000381,2023-09-24,44,45481.75,8.9,MORTGAGE,Northeast,debt_consolidation,18476.9,36,13.15,609,30.4,0,11,0,0
APP000382,2024-09-21,44,35578.37,6.3,MORTGAGE,South,major_purchase,20748.16,60,7.84,792,23.8,0.213,5,1,0
APP000383,2024-07-29,43,29623.85,10.0,OWN,Midwest,debt_consolidation,18304.98,36,14.67,569,27.1,0,9,1,0
APP000384,2025-08-20,27,59057.16,5.0,MORTGAGE,West,debt_consolidation,9593.27,60,6.3,802,21.8,0.05,12,1,0
APP000385,2024-10-26,60,56496.06,9.5,MORTGAGE,South,debt_consolidation,11984.64,36,8.14,730,40.1,0,9,1,0
APP000386,2026-05-05,44,23274.65,14.8,MORTGAGE,South,car,5596.64,60,14.13,620,31.5,0.092,11,0,1
APP000387,2023-09-05,22,80589.37,1.2,MORTGAGE,West,debt_consolidation,45000,60,5.0,850,32.8,0.314,11,1,0
APP000388,2026-08-04,34,47818.53,18,RENT,Northeast,debt_consolidation,41445.91,36,10.1,700,33.0,0.248,12,0,0
APP000389,2025-04-21,41,29896.21,14.1,OWN,South,car,9070.47,36,10.93,676,35.5,0.129,7,2,0
APP000390,2026-03-14,39,62675.18,10.0,MORTGAGE,South,major_purchase,11987.2,36,10.65,689,23.6,0.219,10,0,0
APP000391,2024-07-01,48,30135.99,7.3,MORTGAGE,West,car,41321.68,60,13.18,636,29.5,0,15,0,1
APP000392,2025-09-02,33,44608.4,17,RENT,South,debt_consolidation,6178.29,60,9.82,684,22.9,0.221,5,0,0
APP000393,2026-06-17,43,31499.28,12.1,MORTGAGE,South,debt_consolidation,14537.11,36,12.27,624,17.3,0.293,0,1,0
APP000394,2024-07-28,54,98917.23,8.9,OWN,Northeast,major_purchase,14050.76,36,9.97,783,29.0,0,9,0,0
APP000395,2024-04-30,58,89427.31,10.6,RENT,West,debt_consolidation,12093.37,36,10.56,708,10.3,0.19,14,0,0
APP000396,2023-12-17,40,71061.91,14.4,MORTGAGE,West,credit_card,4867.85,36,15.61,586,19.3,0.236,10,1,0
APP000397,2024-01-15,29,74916.71,13.0,MORTGAGE,South,other,7382.97,36,9.26,760,30.8,0.14,8,0,0
APP000398,2023-10-26,35,89184.79,3.7,MORTGAGE,South,credit_card,8204.57,60,9.47,741,11.6,0.264,11,2,0
APP000399,2024-11-29,54,41297.59,7.1,MORTGAGE,Midwest,credit_card,6801.97,36,12.07,628,29.4,0.172,0,1,1
APP000400,2026-07-13,47,83548.73,11.0,MORTGAGE,West,debt_consolidation,14466.99,60,9.99,775,48.1,0.083,2,0,0
APP000401,2026-06-23,35,49656.68,19,MORTGAGE,Northeast,major_purchase,12301.57,36,8.14,752,29.8,0,15,0,0
APP000402,2024-07-17,36,42047.1,1.6,MORTGAGE,South,debt_consolidation,17231.68,36,15.65,606,10.7,0.093,9,0,0
APP000403,2024-04-16,42,92046.6,17.5,OWN,South,car,11230.99,36,5.95,800,8.7,0.276,4,0,0
APP000404,2026-05-15,50,110607.14,19.0,MORTGAGE,West,debt_consolidation,9044.55,36,6.74,771,4.0,0.124,9,1,0
APP000405,2023-10-07,40,78487.4,6.6,RENT,West,major_purchase,13867.37,60,13.32,602,29.0,0,5,2,0
APP000406,2024-07-22,55,69702.3,15.2,MORTGAGE,Midwest,debt_consolidation,17864.97,36,15.24,622,27.1,0,11,1,0
APP000407,2025-02-19,54,45299.6,19.2,RENT,Midwest,home_improvement,12144.11,36,6.25,804,29.2,0.495,6,2,0
APP000408,2026-03-16,42,51284.55,6.8,MORTGAGE,West,debt_consolidation,11708.87,36,11.88,654,15.3,0,10,2,0
APP000409,2023-11-15,53,54426.24,22.5,RENT,South,credit_card,38745.47,36,7.36,760,32.7,0,8,0,0
APP000410,2025-02-25,57,70366.7,10.2,MORTGAGE,South,medical,8543.72,36,13.46,597,22.3,0.41,6,1,0
APP000411,2025-08-15,32,62954.9,8.2,RENT,Northeast,credit_card,23078.28,36,13.43,636,21.0,0.121,0,1,0
APP000412,2025-12-18,46,59469.77,19.0,MORTGAGE,Midwest,major_purchase,7439.63,36,9.2,753,8.4,0,2,2,0
APP000413,2024-11-03,24,30948.5,0.7,RENT,Northeast,car,10126.12,36,14.61,636,22.6,0.191,11,0,0
APP000414,2025-09-04,60,70399.06,3.9,RENT,South,credit_card,9183.06,36,9.1,776,26.6,0,5,1,0
APP000415,2026-06-06,32,89193.66,16,RENT,South,vacation,7984.86,36,10.02,713,34.5,0,11,0,0
APP000416,2025-02-12,40,51930.84,19.3,MORTGAGE,Northeast,major_purchase,6295.22,60,9.22,727,16.1,0.137,9,0,0
APP000417,2024-10-04,47,81502.57,19.8,RENT,Northeast,credit_card,8637.86,60,13.73,646,1.0,0.096,2,1,0
APP000418,2024-11-26,46,81619.88,14.3,OWN,South,car,8996.35,60,11.14,675,29.5,0,10,0,0
APP000419,2023-11-07,46,39481.36,7.9,OTHER,South,credit_card,8862.36,36,7.85,753,27.1,0,7,0,0
APP000420,2026-02-10,35,40979.54,7.9,OWN,Northeast,credit_card,18815.72,36,9.93,685,32.6,0.106,6,1,0
APP000421,2025-03-01,37,63622.88,14.8,MORTGAGE,West,debt_consolidation,6299.17,36,16.49,587,27.2,0.06,8,2,1
APP000422,2024-07-29,38,35833.15,0,RENT,Midwest,debt_consolidation,7191.58,36,10.4,676,47.7,0,5,0,1
APP000423,2026-07-10,44,58604.75,14.3,MORTGAGE,South,car,7746.42,36,10.74,711,33.0,0.053,5,0,0
APP000424,2026-01-29,57,104386.4,8.3,MORTGAGE,Midwest,credit_card,25356.95,36,9.83,743,22.2,0.245,0,1,0
APP000425,2024-08-17,57,39600.82,16.5,MORTGAGE,Midwest,credit_card,8586.69,36,14.1,624,29.3,0.112,7,1,0
APP000426,2025-01-02,46,37410.73,12.7,MORTGAGE,South,credit_card,8794.8,36,15.54,529,6.7,0.475,3,1,1
APP000427,2026-02-08,32,44499.13,8.8,MORTGAGE,South,credit_card,10425.36,36,6.09,797,31.0,0.185,7,3,0
APP000428,2024-03-23,64,51736.21,21.0,RENT,South,debt_consolidation,3604.91,60,12.01,631,29.3,0,7,0,0
APP000429,2024-02-03,38,55069.59,8.4,RENT,Midwest,major_purchase,20820.65,36,12.8,649,25.8,0,1,1,0
APP000430,2024-08-08,32,31083.54,1.4,RENT,West,car,13108.85,36,7.44,808,20.8,0.124,12,1,0
APP000431,2025-10-13,41,53383.41,5.4,OWN,South,debt_consolidation,7155.91,36,16.25,594,14.9,0.02,7,1,0
APP000432,2026-02-14,18,26141.77,0,MORTGAGE,Midwest,medical,44603.13,60,10.64,667,16.9,0.083,4,1,0
APP000433,2023-10-22,22,45461.33,0,MORTGAGE,Midwest,debt_consolidation,34161.32,60,11.62,658,18.3,0.067,11,0,0
APP000434,2023-09-06,23,88911.93,0,RENT,Northeast,vacation,10796.12,36,6.33,810,16.3,0,16,0,0
APP000435,2024-10-28,20,138306.52,4,RENT,Northeast,major_purchase,11734.97,36,6.4,768,24.5,0.204,8,2,0
APP000436,2025-12-14,37,42284.45,7.5,RENT,Midwest,credit_card,15266.72,36,9.78,693,5.5,0.085,10,0,0
APP000437,2023-12-15,38,61310.67,17.7,RENT,West,debt_consolidation,4973.56,36,10.21,706,30.3,0,12,1,0
APP000438,2023-10-30,22,63220.04,0,MORTGAGE,Northeast,home_improvement,10504.45,60,8.45,698,23.1,0,11,0,0
APP000439,2026-05-02,27,58897.91,6.6,RENT,West,debt_consolidation,26618.2,36,11.09,685,38.4,0.251,7,1,0
APP000440,2024-05-23,50,70026.04,9.3,MORTGAGE,South,credit_card,20200.58,36,11.55,695,11.3,0,9,1,0
APP000441,2024-03-10,34,55641.12,12.2,OTHER,Northeast,credit_card,10942.53,36,8.08,754,19.5,0,18,1,0
APP000442,2025-03-01,56,40791.79,13.0,RENT,South,debt_consolidation,12359.58,36,8.48,726,16.2,0,14,0,0
APP000443,2024-07-12,39,82902.26,23,RENT,Midwest,major_purchase,5473.3,60,13.48,645,37.1,0,11,0,0
APP000444,2025-01-29,55,40991.03,13.5,MORTGAGE,South,debt_consolidation,4226.52,36,7.28,782,6.1,0.307,9,1,0
APP000445,2024-08-25,54,30104.92,19.5,RENT,Northeast,medical,16049.19,60,13.8,651,30.0,0,8,1,0
APP000446,2023-12-01,34,52560.58,14.7,MORTGAGE,South,car,11287.49,36,5.69,772,15.1,0,2,1,0
APP000447,2024-10-08,39,57860.07,13.9,MORTGAGE,West,car,9868.91,36,9.36,742,32.1,0.259,9,1,0
APP000448,2024-12-11,47,49383.58,23.9,MORTGAGE,Midwest,major_purchase,19377.41,60,13.0,637,14.9,0,5,1,0
APP000449,2025-07-03,57,108821.15,13.3,RENT,South,car,9708.4,60,14.81,657,29.7,0,7,0,0
APP000450,2026-02-11,50,71878.25,13.6,MORTGAGE,Midwest,credit_card,11518.95,36,8.49,765,32.0,0,16,0,0
APP000451,2026-06-16,63,39381.88,8.2,RENT,South,debt_consolidation,4135.98,36,14.2,589,60.3,0,11,2,0
APP000452,2026-08-04,49,50873.16,8.9,RENT,Northeast,car,8988.38,60,12.49,625,33.0,0,16,0,0
APP000453,2026-03-19,43,52477.89,18.2,OWN,Northeast,home_improvement,16794.3,36,7.83,759,15.6,0.323,14,0,0
APP000454,2026-08-05,22,26960.36,0.6,RENT,Northeast,credit_card,25874.58,60,13.19,650,22.0,0.022,14,0,0
APP000455,2025-03-30,62,37413.99,14.3,RENT,South,debt_consolidation,2875.18,60,14.08,607,17.0,0,5,1,0
APP000456,2025-07-24,61,23754.09,9.4,MORTGAGE,West,home_improvement,12144.72,60,9.58,700,25.0,0.242,8,0,0
APP000457,2024-12-04,31,60590.13,15,OTHER,South,car,7076.27,36,10.64,652,27.5,0.153,2,0,0
APP000458,2025-11-16,60,32213.05,21.2,RENT,Northeast,vacation,20082.4,36,8.44,745,41.3,0,17,0,0
APP000459,2026-01-15,41,35817.24,11.1,OWN,Midwest,credit_card,4297.55,60,6.23,780,30.5,0.077,8,0,0
APP000460,2024-09-03,32,54244.81,9.0,RENT,South,debt_consolidation,14615.66,60,16.0,535,17.7,0.119,8,2,1
APP000461,2026-01-06,58,37117.48,18.4,RENT,South,home_improvement,32932.97,60,13.46,590,14.0,0,10,1,0
APP000462,2024-02-11,39,130493.22,9.9,OWN,Midwest,debt_consolidation,9553.22,36,14.39,585,36.0,0.126,9,2,0
APP000463,2023-11-20,41,38750.7,23.1,RENT,South,home_improvement,14532.85,60,9.52,775,25.3,0.252,4,3,0
APP000464,2024-09-09,25,43970.68,9,RENT,Northeast,home_improvement,34013.53,36,14.14,617,18.2,0,10,0,0
APP000465,2024-05-08,46,84010.81,10.7,RENT,Midwest,debt_consolidation,23063.14,36,11.99,660,20.2,0,0,0,0
APP000466,2025-12-14,26,45823.49,10,OWN,South,debt_consolidation,15699.66,36,8.46,779,30.1,0,6,1,0
APP000467,2024-09-22,71,77750.72,3.3,MORTGAGE,South,credit_card,10442.41,36,5.76,808,33.4,0,9,0,0
APP000468,2026-08-21,44,43651.57,2.9,RENT,West,debt_consolidation,8248.25,36,6.66,848,23.9,0.103,7,0,0
APP000469,2024-09-30,60,74207.58,15.3,MORTGAGE,South,major_purchase,9696.84,60,6.29,716,23.6,0.107,10,0,0
APP000470,2024-07-28,50,35876.58,7.9,RENT,South,home_improvement,6059.87,36,9.13,716,24.8,0.108,12,0,0
APP000471,2024-09-19,48,61644.05,10.9,RENT,South,debt_consolidation,9338.24,60,9.09,705,31.0,0.228,13,0,0
APP000472,2026-02-13,26,27640.73,10,OWN,West,credit_card,10663.24,36,8.61,721,21.3,0,12,0,0
APP000473,2023-11-19,56,113853.92,16.7,RENT,South,credit_card,11709.12,36,10.88,661,10.4,0.3,8,1,0
APP000474,2026-06-04,40,38335.92,9.7,OWN,West,debt_consolidation,19254.25,60,14.7,597,32.1,0.17,5,1,0
APP000475,2026-06-04,65,36356.85,20.5,OWN,West,other,5692.29,60,9.64,721,35.8,0,8,0,0
APP000476,2026-01-12,54,88928.88,11.3,RENT,South,debt_consolidation,16026.5,36,5.0,850,29.0,0,6,0,0
APP000477,2024-07-01,52,38241.24,8.0,OWN,South,home_improvement,7441.31,36,10.23,748,19.3,0.154,7,3,0
APP000478,2026-04-14,60,52018.37,12.4,MORTGAGE,Northeast,credit_card,5163.38,36,5.0,800,19.6,0,7,0,0
APP000479,2025-06-01,33,30865.23,9.1,MORTGAGE,Northeast,debt_consolidation,9391.88,36,10.36,674,31.4,0.091,7,0,0
APP000480,2024-06-30,38,52713.26,22,MORTGAGE,West,credit_card,19033.08,36,9.72,708,10.5,0.062,12,0,0
APP000481,2024-08-20,49,33063.64,8.1,RENT,Midwest,medical,8355.05,36,12.1,666,14.9,0,4,0,0
APP000482,2025-09-16,32,42511.18,4.8,MORTGAGE,Midwest,debt_consolidation,6982.38,36,8.12,753,33.3,0,12,0,0
APP000483,2025-09-10,41,35274.21,4.3,OWN,West,credit_card,21648.8,36,8.53,701,15.5,0,5,0,0
APP000484,2024-08-22,46,47814.89,14.8,MORTGAGE,Northeast,medical,10461.47,36,13.62,663,17.7,0,6,1,0
APP000485,2026-08-02,34,121896.99,10.1,RENT,West,major_purchase,19458.74,36,5.0,850,2.5,0,15,1,0
APP000486,2026-08-13,30,97922.76,9.0,RENT,West,debt_consolidation,15035.02,36,11.53,736,23.8,0,8,0,0
APP000487,2026-01-14,53,91017.33,12.7,MORTGAGE,South,home_improvement,8469.66,36,5.4,806,25.3,0,9,0,0
APP000488,2026-03-21,42,25098.63,12.2,OWN,Midwest,home_improvement,13429.27,36,10.73,740,27.4,0,10,1,0
APP000489,2025-07-26,40,46653.3,9.4,MORTGAGE,West,home_improvement,12093.66,36,8.34,721,37.4,0.092,7,2,0
APP000490,2023-11-27,66,70539.06,13.1,RENT,Northeast,debt_consolidation,15270.21,60,9.66,728,31.8,0,3,0,0
APP000491,2026-06-08,39,112889.83,3.7,MORTGAGE,Midwest,medical,5911.73,60,6.39,822,23.2,0,11,2,0
APP000492,2025-02-26,30,97834.43,7.2,RENT,South,credit_card,20540.5,60,7.55,817,29.6,0,5,0,0
APP000493,2026-08-08,53,57780.1,12.8,MORTGAGE,Midwest,debt_consolidation,19604.21,60,16.6,562,23.4,0.283,17,1,1
APP000494,2024-10-06,36,68189.74,8.9,RENT,West,debt_consolidation,43454.5,36,6.11,793,13.0,0.138,7,1,0
APP000495,2025-03-08,37,35977.08,15.4,RENT,South,medical,11744.64,36,16.12,547,2.3,0.111,4,1,1
APP000496,2025-01-06,46,34266.24,13.2,MORTGAGE,West,debt_consolidation,17219.78,36,16.82,565,20.0,0,8,3,0
APP000497,2025-02-20,40,75857.52,8.1,RENT,South,home_improvement,15771.81,36,9.57,711,11.9,0.252,8,1,0
APP000498,2026-04-17,43,32926.49,10.3,MORTGAGE,South,credit_card,12487.85,36,6.72,794,21.5,0,8,1,0
APP000499,2023-12-28,47,65965.04,14.1,MORTGAGE,Midwest,debt_consolidation,18733.76,36,13.04,642,29.2,0.002,12,2,0
APP000500,2025-06-25,43,55036.63,19.0,RENT,Midwest,home_improvement,13554.64,36,6.6,822,22.6,0,2,1,0
APP000501,2024-07-02,58,62578.26,12.4,MORTGAGE,South,other,8765.07,60,12.14,634,29.0,0.398,11,1,0
APP000502,2024-06-25,22,172417.05,6,RENT,Midwest,debt_consolidation,11983.55,36,6.97,789,12.4,0,1,0,0
APP000503,2024-08-01,48,58735.41,18.0,MORTGAGE,Northeast,debt_consolidation,7236.36,36,5.0,847,20.4,0,2,0,0
APP000504,2024-05-12,47,44704.01,13.6,MORTGAGE,Northeast,medical,14268.46,36,14.74,520,40.9,0.006,4,1,1
APP000505,2024-07-31,67,67982.82,13.1,MORTGAGE,Northeast,debt_consolidation,23321.57,36,10.61,677,36.8,0.108,2,2,0
APP000506,2025-10-02,31,47662.55,15,RENT,South,credit_card,9383.23,60,5.11,793,12.8,0,11,1,0
APP000507,2025-05-27,26,39429.6,10,MORTGAGE,South,credit_card,27377.53,36,12.35,685,2.5,0,2,4,0
APP000508,2024-12-15,22,60712.18,0,OWN,Northeast,debt_consolidation,12057.38,60,6.2,825,23.8,0.182,12,1,0
APP000509,2023-12-29,22,57008.19,6,MORTGAGE,Midwest,debt_consolidation,10181.18,36,10.18,697,20.0,0.075,12,0,0
APP000510,2025-04-19,29,47147.87,13,MORTGAGE,Midwest,other,15682.9,60,11.32,676,4.4,0.217,9,4,0
APP000511,2023-10-11,35,47843.48,0,MORTGAGE,West,credit_card,4294.06,36,11.59,702,50.7,0,9,1,0
APP000512,2026-01-09,42,47520.26,14.6,MORTGAGE,Midwest,debt_consolidation,36707.4,36,8.92,747,32.7,0.35,14,2,0
APP000513,2025-11-26,54,121024.61,19.6,RENT,West,debt_consolidation,3787.07,36,13.56,619,25.6,0.037,5,1,0
APP000514,2025-11-27,46,101390.37,8.7,RENT,West,debt_consolidation,17507.73,36,16.01,615,21.7,0.167,9,0,0
APP000515,2025-05-30,42,28478.38,18.9,OTHER,Northeast,debt_consolidation,9649.66,36,13.59,635,27.9,0,13,2,0
APP000516,2026-07-02,30,49728.73,14,MORTGAGE,West,credit_card,7207.49,36,9.65,709,20.6,0.108,4,1,0
APP000517,2025-11-26,24,141060.0,2.5,MORTGAGE,South,small_business,18429.36,36,7.42,752,24.0,0,15,1,0
APP000518,2025-11-22,42,62981.31,8.0,OWN,South,credit_card,9719.43,36,8.16,771,21.1,0,11,0,0
APP000519,2024-02-06,38,90643.23,8.4,RENT,West,car,8360.7,36,13.55,639,19.8,0.262,7,1,0
APP000520,2024-04-20,39,60134.96,11.8,RENT,Northeast,small_business,7535.59,60,5.0,850,15.9,0,7,0,0
APP000521,2024-05-24,53,31065.4,7.1,RENT,West,small_business,11829.16,36,14.0,644,21.3,0,7,1,0
APP000522,2023-12-02,54,36935.44,14.0,MORTGAGE,Midwest,medical,9378.52,36,8.66,740,17.3,0.201,13,0,0
APP000523,2026-07-16,49,25944.79,8.1,RENT,South,debt_consolidation,4733.14,60,12.55,624,34.0,0.157,7,1,0
APP000524,2025-10-13,27,49235.54,11,MORTGAGE,South,credit_card,5915.48,36,9.83,740,12.0,0.025,10,0,0
APP000525,2025-07-30,40,52253.77,10.2,OWN,South,debt_consolidation,19546.42,60,9.89,731,15.7,0.019,14,2,0
APP000526,2025-04-26,38,61927.81,10.7,RENT,South,small_business,10639.99,60,5.0,829,12.9,0,7,0,0
APP000527,2024-05-27,49,43877.77,5.2,MORTGAGE,West,other,17088.42,36,9.12,707,26.3,0,6,1,0
APP000528,2025-04-21,26,73999.21,0.9,RENT,South,debt_consolidation,35802.04,36,10.29,688,14.2,0,6,0,0
APP000529,2026-06-13,62,40038.09,4.4,OWN,Northeast,car,23584.16,36,12.16,672,12.6,0.03,11,0,0
APP000530,2023-11-02,31,68748.9,9.6,RENT,South,debt_consolidation,10713.34,36,9.32,732,28.9,0.055,8,1,0
APP000531,2026-04-21,68,41664.62,9.2,OWN,South,debt_consolidation,7824.26,36,15.41,571,27.9,0.044,11,2,1
APP000532,2025-05-28,67,110152.69,10.6,RENT,South,debt_consolidation,12318.99,60,9.97,655,13.1,0,13,2,0
APP000533,2026-04-21,32,89381.26,13.9,MORTGAGE,Midwest,credit_card,6494.97,36,5.0,850,16.8,0,10,1,0
APP000534,2025-10-27,18,44859.49,0,RENT,South,home_improvement,15618.87,60,6.81,737,17.9,0,12,0,0
APP000535,2025-01-29,49,39651.33,12.0,OTHER,South,debt_consolidation,13891.12,36,9.42,725,13.7,0.368,14,0,0
APP000536,2025-10-21,51,56270.0,17.7,RENT,West,major_purchase,32017.06,36,6.93,806,23.3,0.119,11,1,0
APP000537,2024-01-28,64,42762.95,16.4,RENT,West,debt_consolidation,6883.23,60,13.51,665,28.7,0,6,0,0
APP000538,2026-08-29,31,50392.77,10.6,OWN,South,medical,18446.99,60,9.8,728,33.2,0.22,5,1,0
APP000539,2026-07-29,45,41976.94,0,MORTGAGE,West,debt_consolidation,11330.06,36,11.78,623,4.1,0.278,0,0,0
APP000540,2026-04-01,50,61344.68,0,RENT,South,debt_consolidation,26030.89,36,8.86,716,16.7,0,13,0,0
APP000541,2025-07-20,38,58495.03,22,RENT,Midwest,debt_consolidation,13069.56,60,19.16,492,21.7,0.485,19,1,1
APP000542,2023-10-23,42,68166.29,12.2,MORTGAGE,Northeast,debt_consolidation,8828.88,60,8.27,781,20.0,0,11,0,0
APP000543,2024-10-07,36,45706.65,7.8,MORTGAGE,Midwest,major_purchase,17447.92,60,5.0,762,44.4,0.084,9,0,0
APP000544,2024-10-10,24,50243.44,8,MORTGAGE,Midwest,credit_card,12845.67,60,14.92,561,13.7,0.022,5,3,1
APP000545,2024-07-18,58,105701.13,0,OWN,West,debt_consolidation,7561.22,36,12.63,653,20.1,0,15,0,0
APP000546,2026-03-26,41,44600.23,25,MORTGAGE,Northeast,debt_consolidation,17389.21,60,12.85,665,21.3,0,4,0,0
APP000547,2024-01-01,37,59849.59,21,MORTGAGE,Midwest,major_purchase,13173.28,36,7.11,783,7.9,0,5,0,0
APP000548,2023-11-30,47,41046.7,14.8,MORTGAGE,South,debt_consolidation,27686.08,36,9.47,719,30.9,0.1,16,2,0
APP000549,2026-01-01,49,64513.25,13.5,OTHER,Midwest,credit_card,7805.24,36,14.32,618,20.4,0.148,11,1,0
APP000550,2025-11-09,39,45283.4,12.5,MORTGAGE,Midwest,debt_consolidation,9460.04,60,8.36,750,28.9,0,8,1,0
APP000551,2024-01-08,26,124710.5,10,RENT,Midwest,debt_consolidation,3207.6,36,15.68,495,23.5,0.199,9,2,1
APP000552,2023-10-12,27,48512.35,4.0,MORTGAGE,West,debt_consolidation,18571.92,36,7.05,784,20.2,0.076,12,0,0
APP000553,2024-04-27,41,86262.69,10.8,MORTGAGE,Northeast,credit_card,36048.31,36,9.27,694,30.1,0.135,3,1,0
APP000554,2026-03-31,41,72216.15,16.0,RENT,Midwest,car,12748.1,60,7.86,733,26.5,0.14,3,1,0
APP000555,2026-02-24,48,78512.37,9.4,MORTGAGE,South,other,33593.74,60,19.57,464,39.4,0.096,8,1,1
APP000556,2026-07-10,21,60331.89,0,MORTGAGE,Midwest,vacation,9614.79,36,12.61,592,21.6,0.465,8,1,0
APP000557,2026-04-27,57,64539.87,11.1,MORTGAGE,South,credit_card,20922.0,60,10.39,716,15.4,0,3,0,0
APP000558,2025-06-19,35,51426.35,12.8,OWN,West,credit_card,8950.62,36,10.89,709,24.1,0,9,2,0
APP000559,2025-12-01,26,75412.13,10,OWN,South,debt_consolidation,5953.08,60,12.01,686,28.9,0.486,4,0,0
APP000560,2026-03-23,43,57039.68,13.3,RENT,South,small_business,6612.93,36,11.39,633,17.9,0.196,8,1,0
APP000561,2024-08-04,38,17761.0,15.2,MORTGAGE,South,debt_consolidation,20055.27,36,5.45,824,30.2,0.091,8,0,0
APP000562,2024-01-17,47,45832.69,15.4,MORTGAGE,Northeast,car,19747.97,36,10.81,697,38.6,0.203,14,1,0
APP000563,2026-06-15,38,43079.58,12.6,RENT,South,credit_card,10613.54,36,11.97,649,29.5,0,5,0,0
APP000564,2025-08-15,38,61874.26,2.0,OWN,South,debt_consolidation,11748.25,36,6.6,774,22.4,0,7,0,0
APP000565,2026-03-19,50,81929.18,13.9,RENT,South,medical,5336.3,36,12.08,676,27.9,0,10,1,0
APP000566,2023-09-13,42,47935.19,20.0,OWN,South,medical,5014.46,36,13.14,652,26.5,0.292,6,0,0
APP000567,2024-09-06,59,72922.47,6.9,RENT,Northeast,major_purchase,3728.63,60,14.54,601,17.9,0,1,0,0
APP000568,2026-03-16,55,136965.33,14.3,MORTGAGE,South,debt_consolidation,5767.09,60,12.27,663,23.5,0.181,6,0,0
APP000569,2025-04-21,30,73990.16,7.4,OTHER,Northeast,debt_consolidation,40318.47,60,13.18,622,29.1,0.056,8,0,0
APP000570,2025-01-13,31,101975.18,2.3,OWN,South,debt_consolidation,31656.54,60,10.23,692,43.2,0.263,6,1,0
APP000571,2026-06-08,30,103396.82,14,OWN,West,major_purchase,12381.87,36,11.04,693,11.8,0,5,1,0
APP000572,2025-09-09,26,47677.09,4.3,MORTGAGE,South,debt_consolidation,11283.08,60,7.93,769,22.8,0.315,7,0,0
APP000573,2025-08-02,41,29990.13,17.5,RENT,Northeast,medical,12583.59,36,13.24,609,23.7,0,7,0,0
APP000574,2024-04-25,48,57088.62,20.4,MORTGAGE,South,vacation,3619.46,36,11.96,622,25.4,0.375,14,0,0
APP000575,2026-07-22,31,74822.78,9.4,RENT,West,credit_card,10038.92,36,15.25,587,17.6,0.09,0,1,0
APP000576,2025-05-24,18,74622.39,2,MORTGAGE,South,credit_card,14111.97,60,16.67,538,25.3,0.074,1,1,1
APP000577,2025-11-06,44,62252.58,20.8,OWN,Northeast,debt_consolidation,14048.19,36,10.29,697,46.5,0,15,4,0
APP000578,2023-10-27,52,27358.14,17.3,MORTGAGE,Midwest,small_business,10724.86,36,5.64,784,18.8,0.217,6,3,0
APP000579,2026-07-13,60,74775.59,5.0,RENT,Northeast,debt_consolidation,21829.38,36,13.58,690,21.6,0.064,0,0,0
APP000580,2025-02-04,42,36644.51,8.3,MORTGAGE,Northeast,home_improvement,14334.39,36,13.37,648,27.5,0,5,4,0
APP000581,2023-09-26,68,77662.7,17.1,RENT,South,major_purchase,8287.48,60,8.76,720,26.0,0,5,0,0
APP000582,2024-07-25,33,92385.13,14.1,RENT,West,credit_card,8687.19,60,5.0,773,28.1,0,7,0,0
APP000583,2025-11-17,42,66129.32,14.3,RENT,Midwest,debt_consolidation,11629.96,36,10.8,688,25.2,0,10,0,0
APP000584,2025-09-06,30,132767.43,0,MORTGAGE,South,debt_consolidation,25854.43,60,13.03,675,32.5,0,5,1,0
APP000585,2026-08-03,53,41087.03,11.8,RENT,South,car,13125.31,60,16.94,565,27.1,0.112,1,1,0
APP000586,2023-09-05,42,28278.12,21.9,OWN,South,debt_consolidation,10050.63,36,7.7,768,24.2,0,10,0,0
APP000587,2025-12-11,40,61905.45,18.3,MORTGAGE,South,other,12118.28,36,11.67,676,21.5,0.143,13,2,0
APP000588,2024-02-02,57,40085.27,6.1,OTHER,West,debt_consolidation,10618.13,36,11.74,625,0,0.146,8,1,0
APP000589,2026-07-04,29,26822.54,9.8,RENT,South,major_purchase,7988.41,60,5.71,772,21.0,0.099,8,1,0
APP000590,2023-09-09,20,43313.81,0,MORTGAGE,Northeast,credit_card,13653.16,60,7.9,772,36.5,0,9,0,0
APP000591,2025-06-05,53,76338.08,3.3,OWN,West,debt_consolidation,20607.23,36,7.01,784,17.4,0,10,2,0
APP000592,2026-01-15,55,71172.17,21.5,OWN,Midwest,debt_consolidation,3975.6,36,5.79,785,36.2,0.416,9,1,0
APP000593,2026-08-02,35,46488.49,9.9,RENT,Midwest,home_improvement,11157.44,36,11.9,699,17.9,0.18,14,0,0
APP000594,2024-04-10,39,44687.97,9.2,RENT,South,car,10114.38,60,15.48,581,3.8,0,2,1,0
APP000595,2023-11-10,64,61418.32,8.7,MORTGAGE,West,credit_card,18870.19,60,10.49,693,9.6,0.074,0,1,0
APP000596,2025-08-26,63,50613.19,22.8,RENT,West,car,10263.48,60,12.39,660,34.8,0.36,14,0,0
APP000597,2026-04-14,39,57239.91,16.8,RENT,West,car,20913.94,60,12.89,606,31.1,0,7,1,0
APP000598,2024-02-13,37,68949.42,1.4,RENT,South,major_purchase,6597.88,36,11.76,650,28.2,0.047,9,0,0
APP000599,2026-05-18,46,52986.26,17.0,OWN,Midwest,medical,9141.18,36,7.28,791,19.9,0.042,10,0,0
APP000600,2024-12-22,39,18409.28,16.9,MORTGAGE,West,medical,35871.49,60,7.69,752,23.9,0.172,0,1,0
APP000601,2025-04-02,33,26175.86,10.6,MORTGAGE,Midwest,car,13139.44,60,12.64,672,19.8,0.223,7,1,0
APP000602,2023-10-07,27,118302.28,8.4,MORTGAGE,West,medical,4767.29,60,12.51,651,29.6,0,4,0,0
APP000603,2025-06-29,54,68291.48,20.8,OWN,South,car,13261.26,36,9.39,712,12.3,0.168,10,1,0
APP000604,2025-11-02,23,35529.9,2.2,MORTGAGE,South,credit_card,27171.65,36,13.66,625,37.9,0,5,0,0
APP000605,2025-11-22,55,63234.32,23.9,MORTGAGE,Northeast,debt_consolidation,8516.49,60,9.72,710,29.6,0,6,1,0
APP000606,2024-12-25,46,50452.93,14.5,RENT,South,home_improvement,13267.57,36,7.69,711,24.1,0.029,10,1,0
APP000607,2025-06-21,57,45617.16,18.2,OWN,South,home_improvement,23274.52,36,12.01,660,39.3,0.34,14,0,0
APP000608,2026-03-13,26,37493.23,9.4,RENT,South,home_improvement,9333.07,36,13.65,586,26.1,0.406,10,1,0
APP000609,2024-02-22,43,43255.56,11.0,RENT,South,debt_consolidation,10053.61,60,10.99,667,36.2,0,6,2,0
APP000610,2026-03-03,60,46311.52,18.0,MORTGAGE,Northeast,credit_card,12697.16,36,7.94,724,25.5,0.017,11,1,0
APP000611,2024-06-05,38,72497.82,12.8,RENT,West,other,11887.84,36,8.07,774,30.4,0.171,6,0,0
APP000612,2026-04-25,58,57926.82,8.5,OWN,South,car,10887.5,36,11.76,670,15.5,0,11,0,0
APP000613,2026-04-17,50,53914.34,3.9,MORTGAGE,Midwest,debt_consolidation,17082.05,36,5.74,771,20.7,0.035,8,0,0
APP000614,2026-04-23,27,59795.26,6.6,MORTGAGE,South,home_improvement,21172.68,60,14.29,571,14.2,0.137,3,1,1
APP000615,2026-01-13,26,81393.47,3.1,RENT,Midwest,debt_consolidation,17822.36,36,13.44,628,19.1,0.264,8,1,1
APP000616,2026-03-16,41,34924.46,8.8,RENT,Northeast,debt_consolidation,13710.05,36,19.59,519,41.7,0,8,1,1
APP000617,2025-12-31,33,63048.31,2.8,OWN,South,vacation,9683.58,60,6.58,794,10.5,0.199,14,1,0
APP000618,2025-02-27,48,60666.58,0,RENT,South,debt_consolidation,13975.59,36,12.75,675,11.3,0,8,3,0
APP000619,2024-07-23,31,73302.84,8.3,OWN,Northeast,major_purchase,13030.03,36,8.86,802,16.8,0.301,8,0,0
APP000620,2024-10-11,58,68403.92,15.2,MORTGAGE,South,vacation,12157.19,36,15.19,552,21.2,0.145,9,1,1
APP000621,2023-09-20,62,34558.95,25.2,MORTGAGE,West,home_improvement,7745.9,36,8.65,727,17.9,0.023,9,1,0
APP000622,2025-04-12,46,45181.47,10.4,OTHER,South,car,4571.86,36,12.41,670,28.4,0.255,3,1,0
APP000623,2026-04-27,41,34407.41,19.6,RENT,Midwest,debt_consolidation,13342.82,36,11.02,698,25.2,0,9,0,0
APP000624,2024-11-04,45,57281.9,14.0,OWN,Midwest,debt_consolidation,7028.21,36,11.94,678,11.2,0.03,5,0,0
APP000625,2023-12-30,56,117635.39,7.9,MORTGAGE,South,debt_consolidation,14365.59,60,14.1,616,13.7,0.24,11,0,0
APP000626,2026-08-19,41,31168.28,13.4,RENT,South,other,13411.99,36,10.41,675,12.7,0,11,1,0
APP000627,2024-04-19,27,46047.24,4.1,MORTGAGE,Northeast,credit_card,17860.34,60,13.02,586,19.5,0,13,2,1
APP000628,2026-01-24,31,24444.96,10.6,RENT,Midwest,credit_card,20774.38,36,10.49,685,29.9,0,0,0,0
APP000629,2024-08-02,33,87392.91,17,MORTGAGE,Northeast,credit_card,14941.53,36,8.56,717,27.4,0,6,1,0
APP000630,2025-03-14,29,56783.06,10.9,OWN,West,credit_card,20997.74,60,6.88,833,0,0,2,0,0
APP000631,2025-05-15,33,40490.46,7.2,RENT,Northeast,small_business,4118.02,60,7.41,718,27.8,0,7,1,0
APP000632,2026-03-14,40,50839.56,12.2,RENT,South,major_purchase,18099.16,60,19.74,494,12.2,0.265,12,1,1
APP000633,2025-08-01,51,27979.87,8.5,RENT,South,debt_consolidation,5334.79,60,13.07,616,15.1,0.018,2,3,0
APP000634,2024-08-28,44,55151.21,13.2,MORTGAGE,South,credit_card,10060.45,36,6.17,816,16.9,0.529,6,2,0
APP000635,2025-03-29,21,33995.81,5,MORTGAGE,South,debt_consolidation,11049.89,36,11.69,671,29.8,0,14,2,0
APP000636,2025-03-04,27,63092.17,3.2,RENT,Northeast,debt_consolidation,17326.1,60,11.42,655,33.7,0.099,15,1,0
APP000637,2025-09-09,45,37472.59,19.3,OWN,South,major_purchase,7701.44,36,12.59,632,21.0,0,10,0,0
APP000638,2026-03-13,40,55920.24,7.2,RENT,Midwest,small_business,6861.91,60,10.35,746,15.9,0.248,3,0,0
APP000639,2024-10-29,42,24818.66,1.5,MORTGAGE,West,medical,18177.85,36,12.1,700,14.4,0,6,2,0
APP000640,2024-01-16,36,71238.53,13.1,RENT,West,debt_consolidation,4518.78,36,11.98,697,36.6,0.397,7,3,0
APP000641,2023-12-15,32,58350.91,8.2,RENT,South,credit_card,13497.63,60,13.19,643,25.3,0,5,1,1
APP000642,2026-03-26,36,27936.67,14.1,MORTGAGE,West,credit_card,18479.12,36,13.81,610,7.7,0,4,0,0
APP000643,2025-02-06,70,89396.37,12.5,RENT,South,debt_consolidation,24266.62,60,10.42,710,25.0,0.063,4,2,0
APP000644,2025-12-19,51,28537.24,15.1,RENT,South,home_improvement,10601.89,36,10.65,738,15.1,0,9,0,0
APP000645,2023-10-11,26,66717.12,10,MORTGAGE,Northeast,small_business,16995.76,36,16.81,543,35.5,0,9,1,1
APP000646,2024-08-22,58,49688.63,12.2,MORTGAGE,Northeast,vacation,7428.06,36,11.41,733,42.8,0.201,4,0,0
APP000647,2025-11-19,50,24684.26,2.3,RENT,West,credit_card,9528.81,36,10.35,696,29.5,0,11,1,0
APP000648,2024-05-31,27,83796.69,5.1,MORTGAGE,West,debt_consolidation,6224.87,60,12.69,671,15.3,0,6,0,0
APP000649,2025-09-06,46,123168.03,18.2,OTHER,West,other,12084.81,60,14.4,600,26.6,0.225,12,0,0
APP000650,2024-10-21,49,86650.09,14.5,MORTGAGE,Midwest,credit_card,8545.92,36,15.47,582,24.0,0.049,9,1,0
APP000651,2025-09-06,39,63528.5,13.6,MORTGAGE,West,debt_consolidation,11025.93,60,5.33,850,27.2,0,3,0,0
APP000652,2025-03-21,43,65012.74,9.0,OWN,Northeast,debt_consolidation,4595.0,36,10.3,732,22.2,0,8,2,0
APP000653,2025-06-18,49,52317.24,8.5,MORTGAGE,South,car,6450.33,60,10.47,709,18.0,0.178,12,2,1
APP000654,2024-08-29,37,30529.27,9.1,MORTGAGE,West,car,8041.22,60,16.75,592,46.0,0,5,1,0
APP000655,2025-04-27,41,68379.73,0,OWN,Northeast,home_improvement,11102.09,36,8.07,766,24.8,0,9,1,0
APP000656,2025-01-26,41,41975.97,20.9,RENT,Northeast,debt_consolidation,23373.95,36,7.31,809,27.0,0.169,5,2,0
APP000657,2026-08-21,34,19617.22,11.1,RENT,Northeast,car,8837.82,36,5.85,808,33.9,0.512,0,1,0
APP000658,2026-03-28,59,42233.56,17.9,RENT,West,major_purchase,18315.46,60,11.31,649,24.7,0.139,7,0,0
APP000659,2023-12-07,66,65333.41,10.7,MORTGAGE,West,debt_consolidation,5235.38,36,9.65,723,19.3,0.321,11,1,0
APP000660,2025-06-18,23,55168.95,0,MORTGAGE,South,debt_consolidation,9843.51,36,6.65,746,13.3,0,12,1,0
APP000661,2023-09-25,57,53962.91,10.9,RENT,West,debt_consolidation,20661.79,60,14.9,618,21.5,0.296,12,0,0
APP000662,2025-12-10,37,94737.48,19.6,RENT,Midwest,credit_card,14739.84,60,11.29,662,14.4,0.222,2,0,0
APP000663,2026-06-12,19,48847.07,3,MORTGAGE,South,debt_consolidation,6766.13,36,5.49,850,22.5,0,4,1,0
APP000664,2024-06-19,36,74165.62,9.0,RENT,Midwest,home_improvement,10318.59,60,12.02,682,31.0,0,2,1,0
APP000665,2024-02-17,53,48365.91,15.6,RENT,South,debt_consolidation,14997.03,36,13.02,668,29.8,0.127,0,1,0
APP000666,2024-05-22,63,22801.67,1.6,OWN,South,debt_consolidation,15940.26,60,9.97,751,15.6,0.124,0,1,0
APP000667,2024-08-15,42,70283.78,17.2,MORTGAGE,Midwest,debt_consolidation,9203.11,36,10.8,685,28.7,0.126,18,0,0
APP000668,2025-02-26,29,45548.62,4.3,MORTGAGE,West,debt_consolidation,10091.81,60,6.58,781,18.9,0.114,0,1,0
APP000669,2025-11-15,56,58231.22,8.6,OWN,Midwest,car,6433.0,36,8.42,740,24.7,0,0,1,0
APP000670,2026-05-12,67,38076.33,2.8,OWN,South,major_purchase,18397.88,36,7.02,783,27.4,0,8,0,0
APP000671,2025-07-02,26,53040.09,10,RENT,South,medical,12984.79,60,5.33,835,10.1,0,4,0,0
APP000672,2024-04-06,65,16733.3,17.1,RENT,West,credit_card,17702.55,60,11.47,638,18.2,0,3,1,0
APP000673,2025-12-15,38,53493.32,15.5,RENT,South,major_purchase,18065.77,36,5.0,788,14.4,0,12,0,0
APP000674,2024-06-25,44,47554.11,14.3,MORTGAGE,Northeast,debt_consolidation,10064.88,36,12.01,647,23.9,0.372,13,2,0
APP000675,2026-09-01,38,22718.92,4.0,MORTGAGE,South,credit_card,12658.91,36,8.51,777,13.2,0,9,0,0
APP000676,2025-06-05,64,39455.24,16.9,RENT,West,credit_card,10314.76,60,16.55,567,29.2,0.165,11,1,0
APP000677,2026-07-31,27,111421.25,6.2,OWN,West,other,3956.15,36,10.02,721,8.4,0.063,5,0,0
APP000678,2023-09-11,26,65877.67,10,OWN,West,debt_consolidation,10864.11,60,12.44,689,14.3,0,3,0,0
APP000679,2024-11-30,24,20143.35,8,RENT,South,credit_card,15271.48,60,6.23,809,27.6,0,6,1,0
APP000680,2025-04-02,20,66851.98,0,RENT,South,credit_card,6795.06,36,8.05,784,7.6,0,11,2,0
APP000681,2023-12-18,59,54810.18,10.7,MORTGAGE,West,debt_consolidation,5956.74,36,10.76,666,17.2,0,13,1,0
APP000682,2024-12-10,62,38266.4,14.5,MORTGAGE,South,debt_consolidation,5928.37,36,7.14,769,13.2,0,9,1,0
APP000683,2024-06-15,58,100956.04,9.4,MORTGAGE,West,credit_card,10122.09,36,8.83,707,26.7,0,9,0,0
APP000684,2026-03-26,55,51115.24,7.0,RENT,South,debt_consolidation,8251.29,36,11.27,692,13.3,0.039,17,0,0
APP000685,2024-10-17,29,21902.07,4.5,RENT,West,debt_consolidation,43330.88,60,11.07,699,33.7,0.014,7,0,0
APP000686,2025-09-18,34,44757.38,9.5,OWN,South,debt_consolidation,13219.52,36,12.45,640,17.5,0,1,1,0
APP000687,2025-08-05,51,47042.82,13.6,RENT,Northeast,credit_card,26242.08,36,18.45,505,25.4,0.204,8,1,1
APP000688,2024-06-23,59,38635.51,6.4,OWN,West,debt_consolidation,20080.49,36,5.46,813,27.7,0,5,0,0
APP000689,2025-08-24,26,59285.59,3.8,RENT,South,debt_consolidation,20113.41,36,9.41,753,0.8,0.179,7,0,0
APP000690,2024-11-30,52,41517.64,11.9,MORTGAGE,South,major_purchase,12478.42,60,9.14,669,19.9,0,11,2,0
APP000691,2025-02-06,53,27682.86,7.3,MORTGAGE,West,small_business,25692.17,36,11.36,735,25.5,0.209,6,0,0
APP000692,2024-04-12,46,33994.61,5.7,MORTGAGE,Northeast,medical,18283.73,60,6.28,829,37.1,0.133,14,0,0
APP000693,2024-02-08,25,72979.38,8.1,MORTGAGE,Northeast,debt_consolidation,4733.52,36,10.79,712,20.0,0.176,9,1,0
APP000694,2025-03-19,54,69206.11,10.8,MORTGAGE,South,small_business,21812.96,36,21.1,382,16.9,0.7,0,1,1
APP000695,2025-04-11,25,40857.47,0,MORTGAGE,West,major_purchase,7712.85,60,11.85,653,16.5,0.404,10,0,0
APP000696,2025-04-06,32,26103.17,15.4,OWN,South,credit_card,33141.22,60,8.99,714,29.9,0.095,8,0,0
APP000697,2025-08-06,46,54692.52,16.7,RENT,Midwest,credit_card,15298.61,60,9.68,748,31.1,0.074,10,0,1
APP000698,2024-12-01,30,92602.49,8.2,RENT,Northeast,debt_consolidation,14260.28,60,10.18,677,1.7,0,11,1,0
APP000699,2024-08-09,35,148628.45,5.6,MORTGAGE,Midwest,car,16811.65,36,14.89,599,30.5,0,8,1,0
APP000700,2023-10-16,29,71709.5,10.5,RENT,West,credit_card,6003.89,60,9.25,720,27.1,0.206,11,1,0
APP000701,2026-01-16,36,23415.1,7.2,OWN,Northeast,debt_consolidation,13548.96,60,10.88,707,39.3,0.18,13,0,0
APP000702,2024-07-01,27,35158.11,1.8,RENT,West,vacation,15425.63,36,12.52,663,18.7,0.129,8,0,0
APP000703,2023-12-14,36,129244.96,20,RENT,South,debt_consolidation,16436.75,36,7.27,753,29.3,0,7,0,0
APP000704,2025-07-28,31,43417.76,15,RENT,South,car,14855.17,36,15.38,568,10.6,0.421,11,1,0
APP000705,2023-09-06,33,29238.7,11.0,MORTGAGE,West,debt_consolidation,5656.28,60,8.59,803,27.3,0.021,9,0,0
APP000706,2026-01-24,34,114748.73,7.9,MORTGAGE,West,small_business,10772.91,36,9.05,713,8.7,0.252,13,0,1
APP000707,2024-05-25,47,55294.95,13.6,OWN,Midwest,credit_card,25250.24,60,9.6,793,12.7,0,9,1,0
APP000708,2024-12-30,37,64434.49,8.3,MORTGAGE,South,credit_card,7129.07,36,12.36,622,21.0,0,8,1,0
APP000709,2025-02-22,21,100185.96,3.2,RENT,South,credit_card,9920.96,60,15.81,602,32.8,0.186,3,0,1
APP000710,2023-10-27,26,50696.39,3.3,RENT,Midwest,major_purchase,15549.02,36,9.59,713,10.6,0,11,1,0
APP000711,2026-08-14,30,42444.3,7.5,RENT,South,debt_consolidation,12279.39,36,10.23,697,41.1,0.163,3,1,0
APP000712,2025-05-06,48,32893.48,15.6,RENT,South,car,14125.56,36,9.2,686,20.4,0.057,10,1,0
APP000713,2024-03-20,40,59017.39,7.3,OWN,Midwest,other,7143.71,36,9.15,699,20.7,0,13,0,0
APP000714,2024-04-22,39,70817.88,10.2,RENT,Midwest,vacation,23722.23,36,7.6,774,32.8,0.134,15,0,0
APP000715,2023-11-17,61,47868.06,7.2,RENT,South,debt_consolidation,11315.44,36,11.81,733,23.3,0.048,12,0,0
APP000716,2025-04-11,65,48450.78,9.5,RENT,Midwest,credit_card,45000,36,5.79,826,16.4,0.229,9,1,0
APP000717,2024-09-24,25,75564.11,0,RENT,South,major_purchase,13458.49,36,6.81,791,15.4,0.26,3,0,0
APP000718,2025-01-06,59,53827.67,17.3,RENT,Midwest,credit_card,2640.15,60,8.26,753,18.8,0.035,8,1,0
APP000719,2025-08-26,44,46941.86,5.5,RENT,South,small_business,45000,36,9.33,726,9.8,0,5,0,0
APP000720,2026-01-27,42,85143.2,8.4,MORTGAGE,South,vacation,21670.45,36,12.46,679,20.6,0.077,8,0,0
APP000721,2024-10-04,38,41752.22,8.4,RENT,Midwest,home_improvement,17472.26,36,6.52,768,28.0,0.109,19,0,0
APP000722,2024-02-09,46,46882.57,13.6,MORTGAGE,Midwest,debt_consolidation,8093.74,36,9.23,694,43.6,0.3,9,0,0
APP000723,2024-02-21,27,86104.83,11,MORTGAGE,West,home_improvement,7946.34,60,11.68,672,13.0,0,10,1,0
APP000724,2026-01-13,33,85012.6,12.0,OTHER,Midwest,debt_consolidation,4685.2,36,13.68,592,19.8,0.006,10,1,0
APP000725,2023-11-05,26,141593.14,4.1,MORTGAGE,West,debt_consolidation,17064.82,36,15.92,558,7.0,0.444,11,1,0
APP000726,2023-09-04,40,80483.5,12.9,RENT,Midwest,car,10199.4,36,10.53,687,29.0,0.316,11,1,0
APP000727,2025-04-19,53,32531.64,4.5,MORTGAGE,Northeast,car,12276.2,36,7.04,739,21.2,0.383,6,1,0
APP000728,2025-12-03,50,222971.92,9.6,RENT,West,credit_card,8660.84,36,14.59,582,41.0,0.201,7,1,0
APP000729,2024-10-18,52,28703.27,8.4,MORTGAGE,West,debt_consolidation,2576.69,36,7.68,806,26.7,0.069,14,0,0
APP000730,2024-05-13,36,57350.11,8.0,MORTGAGE,South,major_purchase,14405.63,36,10.33,724,23.3,0,8,1,0
APP000731,2025-11-29,54,25735.51,14.0,RENT,Northeast,other,16710.66,60,7.43,828,17.2,0.071,7,1,0
APP000732,2023-10-21,36,48305.74,14.8,MORTGAGE,West,medical,7105.06,36,6.24,798,17.3,0,7,0,0
APP000733,2026-06-15,42,79306.62,18.1,OWN,Northeast,debt_consolidation,9190.86,36,9.96,707,18.1,0.077,10,3,0
APP000734,2025-11-12,39,68121.14,14.8,RENT,Midwest,other,4164.01,36,12.19,646,27.3,0.139,10,0,0
APP000735,2026-08-10,36,57979.67,20,RENT,South,debt_consolidation,10667.08,36,10.84,643,26.9,0.311,6,1,0
APP000736,2024-02-02,51,76575.95,18.8,MORTGAGE,Northeast,debt_consolidation,5515.66,36,5.27,850,23.8,0,16,0,0
APP000737,2024-05-22,33,102490.72,12.9,RENT,Midwest,small_business,15796.33,60,10.28,707,25.9,0,6,0,0
APP000738,2025-11-17,18,108731.51,2,RENT,South,debt_consolidation,9929.02,36,5.0,816,29.7,0,8,2,0
APP000739,2025-12-03,56,77051.49,7.4,MORTGAGE,South,major_purchase,45000,36,6.77,781,4.7,0,6,0,0
APP000740,2023-10-17,52,49535.62,7.2,OWN,South,other,7134.14,60,12.87,652,33.6,0,12,0,0
APP000741,2023-09-16,50,55011.62,16.8,OWN,South,debt_consolidation,8493.67,36,11.35,673,22.6,0.111,10,0,0
APP000742,2026-08-05,33,67440.19,14.5,OWN,Midwest,credit_card,18856.21,36,7.67,794,24.9,0,11,0,0
APP000743,2025-10-27,29,34731.08,13,RENT,West,home_improvement,15363.08,36,10.97,680,0,0,6,0,0
APP000744,2026-05-23,35,62961.96,19,OTHER,West,other,13082.89,60,12.7,637,24.4,0.262,2,2,1
APP000745,2026-04-16,22,60517.13,0,RENT,West,home_improvement,28304.91,36,9.18,706,32.5,0.101,3,1,0
APP000746,2026-09-01,49,61420.41,10.7,MORTGAGE,South,debt_consolidation,16131.98,60,8.77,700,8.4,0,5,2,0
APP000747,2026-01-09,46,57690.06,9.9,RENT,Northeast,other,12908.4,36,8.19,746,25.3,0.03,6,0,0
APP000748,2025-03-11,18,180105.76,2,MORTGAGE,South,debt_consolidation,24176.55,60,18.12,479,23.9,0.507,9,1,1
APP000749,2024-08-15,41,75878.98,11.1,MORTGAGE,South,debt_consolidation,7212.58,36,12.89,599,44.2,0.327,12,5,0
APP000750,2024-06-06,41,54593.33,14.7,RENT,South,other,16419.96,60,5.17,815,23.2,0,13,1,0
APP000751,2025-07-01,47,47100.33,8.2,MORTGAGE,South,debt_consolidation,9420.15,60,16.62,536,20.7,0.329,8,1,1
APP000752,2023-11-29,51,40675.79,11.6,RENT,South,other,3888.29,36,13.71,612,37.1,0,12,0,0
APP000753,2026-02-14,36,38251.22,11.3,MORTGAGE,South,debt_consolidation,17835.66,36,7.88,743,13.7,0,11,1,0
APP000754,2026-04-29,18,35965.56,2,MORTGAGE,West,debt_consolidation,21245.24,36,6.57,829,18.7,0.011,15,0,0
APP000755,2024-09-07,46,60547.53,19.7,RENT,South,small_business,18432.29,36,15.82,530,6.6,0,9,2,0
APP000756,2024-01-19,26,22800.86,10,RENT,South,vacation,23363.58,36,10.38,720,35.0,0,3,1,0
APP000757,2025-05-27,49,32944.03,13.5,MORTGAGE,South,credit_card,12806.07,60,14.72,599,32.6,0.121,10,2,1
APP000758,2024-07-12,47,38985.48,22.2,RENT,Midwest,medical,5074.77,36,7.22,797,37.9,0.043,9,0,0
APP000759,2023-09-29,46,114232.03,8.2,OWN,West,car,7892.74,36,14.24,637,30.4,0,4,0,0
APP000760,2026-04-11,18,81708.56,2,MORTGAGE,West,home_improvement,9586.13,60,15.18,589,30.7,0,4,1,0
APP000761,2024-11-15,37,71114.4,2.0,MORTGAGE,West,small_business,11324.02,36,11.22,706,15.0,0,2,0,0
APP000762,2025-01-12,18,50896.17,0,OWN,South,home_improvement,11454.09,60,10.63,681,23.9,0.073,6,0,0
APP000763,2025-06-17,38,79103.62,0,MORTGAGE,West,credit_card,11254.77,60,11.2,647,23.3,0.355,10,0,0
APP000764,2026-06-02,47,84254.53,1.8,RENT,South,medical,6548.45,36,9.62,664,29.6,0.201,9,0,0
APP000765,2026-07-04,35,37156.52,13.4,RENT,South,car,11707.2,36,10.82,672,16.9,0.296,12,1,0
APP000766,2024-05-14,27,44223.17,11,OWN,South,home_improvement,17555.68,60,10.15,686,17.1,0.373,11,1,0
APP000767,2023-12-05,40,99152.2,5.0,OWN,Midwest,credit_card,29314.25,36,12.62,657,28.5,0,10,0,0
APP000768,2026-08-06,44,36357.7,10.2,OWN,Northeast,other,17127.17,36,11.94,703,17.3,0,7,0,0
APP000769,2026-01-15,50,66411.0,11.4,MORTGAGE,Midwest,vacation,10330.0,36,7.64,703,18.9,0.048,9,2,0
APP000770,2025-08-30,31,35126.85,13.3,MORTGAGE,South,debt_consolidation,7406.54,60,14.94,607,0,0,6,2,0
APP000771,2024-07-30,63,33974.6,18.6,MORTGAGE,West,debt_consolidation,4957.76,36,11.99,676,29.6,0.015,5,0,0
APP000772,2024-09-20,44,66175.76,7.1,OWN,Northeast,debt_consolidation,12880.17,36,11.91,671,40.7,0,6,2,0
APP000773,2025-01-28,41,87779.69,15.7,RENT,South,small_business,26704.67,36,9.9,732,24.4,0.004,13,2,0
APP000774,2025-12-03,33,49881.35,12.6,OWN,South,small_business,34734.24,36,10.66,638,20.9,0,8,1,0
APP000775,2025-02-19,48,54810.4,15.0,RENT,South,debt_consolidation,2244.72,36,12.09,622,23.0,0,5,0,0
APP000776,2024-10-24,42,22841.44,7.8,OWN,Northeast,debt_consolidation,8437.34,36,12.44,631,28.4,0.577,9,1,0
APP000777,2025-04-01,37,66989.57,16.3,OTHER,South,credit_card,13891.0,60,11.36,657,19.7,0,12,0,0
APP000778,2024-03-30,28,54256.59,7.2,MORTGAGE,West,debt_consolidation,6640.72,60,10.22,680,12.2,0,8,1,0
APP000779,2024-11-19,49,55684.84,8.4,RENT,South,debt_consolidation,9489.5,36,12.73,681,9.8,0.269,13,0,0
APP000780,2025-09-10,36,37762.03,13.7,RENT,West,medical,17310.37,36,9.18,731,22.4,0,3,1,0
APP000781,2025-09-05,45,67026.21,4.0,RENT,Northeast,medical,10301.58,36,11.21,732,12.6,0,4,0,0
APP000782,2025-07-09,49,54379.62,18.9,RENT,Midwest,debt_consolidation,29591.39,36,9.9,746,13.8,0,10,0,0
APP000783,2024-08-23,57,23909.51,5.1,RENT,South,medical,15323.75,36,9.07,706,19.5,0.222,7,0,0
APP000784,2025-08-25,43,40723.68,23.6,MORTGAGE,West,credit_card,11836.64,60,10.07,721,18.3,0,13,0,0
APP000785,2024-07-20,49,51922.42,18.7,MORTGAGE,Midwest,debt_consolidation,13715.75,36,13.47,675,39.0,0,10,1,0
APP000786,2024-04-11,36,32655.0,20,RENT,Northeast,home_improvement,13244.78,60,8.78,721,26.2,0.089,5,0,0
APP000787,2026-04-19,24,50964.98,6.6,OWN,West,debt_consolidation,3614.58,60,9.94,707,33.7,0,12,1,0
APP000788,2026-06-21,48,85734.38,1.0,OWN,Northeast,home_improvement,7121.25,60,10.49,672,27.3,0,7,0,0
APP000789,2026-03-21,41,48864.93,16.7,RENT,South,debt_consolidation,35511.46,60,7.74,709,31.8,0.436,5,0,0
APP000790,2024-11-12,27,22211.68,5.2,MORTGAGE,West,major_purchase,11657.46,36,13.24,622,18.9,0,1,0,0
APP000791,2026-08-04,50,58615.22,4.9,MORTGAGE,West,debt_consolidation,10747.77,60,9.58,755,29.4,0,15,1,0
APP000792,2025-07-08,46,105599.39,17.0,OWN,South,debt_consolidation,13613.31,60,5.24,827,12.4,0.044,6,1,0
APP000793,2025-10-06,26,91271.39,3.0,MORTGAGE,South,small_business,6716.91,36,7.03,798,21.1,0,7,0,0
APP000794,2023-09-19,39,64694.07,1.7,MORTGAGE,Midwest,vacation,17810.03,36,10.74,679,27.3,0.179,9,1,0
APP000795,2024-03-04,42,31488.26,0,RENT,West,credit_card,10664.58,60,7.18,788,10.3,0.243,4,0,0
APP000796,2024-01-21,35,39794.04,5.0,MORTGAGE,Northeast,debt_consolidation,13440.89,36,10.11,666,33.9,0,6,0,0
APP000797,2025-11-15,52,91575.59,15.3,MORTGAGE,Midwest,home_improvement,40923.05,36,8.15,749,15.5,0,3,0,0
APP000798,2024-04-16,58,105492.36,11.0,RENT,Midwest,car,14465.33,36,9.39,698,22.1,0,11,0,0
APP000799,2024-01-28,41,74119.88,2.7,MORTGAGE,Midwest,debt_consolidation,10750.56,36,8.5,749,22.8,0,6,0,0
APP000800,2024-09-27,31,47701.9,11.5,OWN,Northeast,home_improvement,32055.99,36,9.04,721,32.7,0.389,0,1,0
APP000801,2023-09-18,67,57668.82,10.8,MORTGAGE,West,debt_consolidation,7447.78,60,10.14,691,5.7,0.039,12,0,0
APP000802,2023-11-23,18,34156.68,1.8,RENT,Midwest,debt_consolidation,6725.06,60,11.02,724,18.6,0,3,0,0
APP000803,2026-02-06,60,53701.49,5.3,RENT,Midwest,credit_card,27080.75,60,11.57,625,15.0,0.068,5,1,0
APP000804,2026-08-21,35,99984.56,1.2,RENT,South,credit_card,35854.4,60,7.35,794,1.9,0,6,1,0
APP000805,2025-09-01,44,28797.8,7.1,RENT,West,credit_card,8756.75,36,14.17,604,50.5,0.134,9,1,1
APP000806,2025-05-30,40,59647.54,3.8,MORTGAGE,Midwest,debt_consolidation,3326.17,36,14.09,585,25.7,0.091,12,1,0
APP000807,2026-04-06,70,51166.21,18.3,MORTGAGE,Midwest,debt_consolidation,6696.2,36,10.87,691,18.2,0,5,1,1
APP000808,2024-12-04,37,137912.55,6.4,OWN,South,debt_consolidation,2954.95,36,7.92,798,13.8,0,15,0,0
APP000809,2026-07-22,41,91531.33,13.1,RENT,West,credit_card,1896.48,36,11.33,714,9.8,0.191,3,2,0
APP000810,2026-06-08,28,65055.9,7.3,RENT,South,vacation,11714.49,36,11.26,719,28.6,0,6,0,0
APP000811,2025-08-18,59,20600.77,14.3,RENT,Midwest,debt_consolidation,7067.79,36,5.64,818,37.5,0.429,9,0,0
APP000812,2024-03-09,36,111153.63,20,MORTGAGE,West,small_business,14594.55,36,8.42,742,23.0,0,9,0,0
APP000813,2023-09-05,36,98504.87,20,MORTGAGE,Midwest,vacation,6888.75,60,12.23,676,9.0,0,11,0,0
APP000814,2025-05-06,47,38437.77,5.8,OWN,South,debt_consolidation,14664.85,36,12.33,660,14.7,0.504,10,0,0
APP000815,2023-11-29,45,62416.08,14.5,RENT,South,debt_consolidation,5556.53,36,13.25,639,6.2,0.053,8,1,0
APP000816,2025-09-25,34,37873.45,10.8,MORTGAGE,Midwest,credit_card,8839.41,60,7.44,802,9.8,0,4,1,0
APP000817,2026-07-10,38,54441.46,8.9,RENT,Northeast,car,5224.94,36,11.11,658,31.4,0,10,1,0
APP000818,2024-11-17,54,40318.94,16.0,MORTGAGE,South,debt_consolidation,10227.64,36,9.92,714,20.7,0.072,9,0,0
APP000819,2026-08-20,54,22176.76,11.5,RENT,Midwest,home_improvement,11041.0,36,16.75,587,25.0,0.097,4,1,0
APP000820,2025-03-22,51,146958.48,30.8,RENT,South,major_purchase,14925.97,36,13.75,643,23.4,0,6,0,0
APP000821,2026-09-03,59,30809.95,2.0,MORTGAGE,Midwest,debt_consolidation,13193.5,36,8.24,765,5.6,0.229,5,2,0
APP000822,2026-04-14,48,44914.49,14.2,OWN,Northeast,major_purchase,24217.67,36,12.47,598,17.7,0.084,14,1,1
APP000823,2026-06-25,47,42335.34,11.2,RENT,West,credit_card,6082.2,60,9.88,703,11.5,0.087,12,2,0
APP000824,2024-04-06,50,30109.69,12.9,MORTGAGE,Midwest,small_business,11403.98,36,12.23,649,38.0,0.372,9,0,0
APP000825,2025-02-12,44,66983.63,12.1,MORTGAGE,Northeast,home_improvement,13658.31,60,18.1,463,20.5,0.17,8,1,1
APP000826,2026-02-09,27,47970.79,1.4,MORTGAGE,Midwest,credit_card,6330.56,36,13.91,617,15.7,0,6,0,0
APP000827,2023-12-02,23,24830.02,2.2,RENT,South,car,26728.07,36,12.91,623,23.5,0,10,0,0
APP000828,2025-02-25,47,34024.04,21.8,MORTGAGE,South,debt_consolidation,2685.25,36,5.0,850,16.0,0,7,0,0
APP000829,2024-04-29,41,49795.51,6.7,MORTGAGE,South,debt_consolidation,10919.89,36,9.57,673,39.1,0,13,1,0
APP000830,2023-09-12,64,39046.03,9.5,RENT,Northeast,credit_card,12413.33,36,13.83,615,43.7,0.045,4,0,0
APP000831,2024-11-21,40,32177.57,14.0,RENT,South,credit_card,12186.92,36,10.73,689,31.7,0,3,2,0
APP000832,2026-04-21,19,51064.4,0,RENT,South,debt_consolidation,5302.4,36,10.72,749,8.9,0,3,0,0
APP000833,2025-06-04,27,61650.47,10.1,RENT,Midwest,major_purchase,11945.69,36,9.59,729,14.4,0,8,0,0
APP000834,2024-03-16,33,57448.78,4.7,RENT,South,credit_card,9922.31,60,13.38,633,22.5,0.382,8,1,0
APP000835,2025-02-14,26,50844.35,9.3,OWN,South,credit_card,31177.35,60,8.65,728,20.6,0,12,1,0
APP000836,2025-11-07,49,81839.98,12.4,OWN,West,debt_consolidation,16350.18,60,11.9,642,12.0,0,12,0,0
APP000837,2024-02-29,51,59772.18,2.0,MORTGAGE,Northeast,small_business,9456.04,60,17.23,545,16.3,0.183,12,1,1
APP000838,2026-05-08,50,45730.63,5.6,MORTGAGE,West,major_purchase,11556.9,60,9.25,708,14.4,0,5,3,0
APP000839,2026-07-08,36,73585.22,18.8,RENT,Northeast,credit_card,17440.42,36,13.36,627,28.5,0.079,8,1,0
APP000840,2025-11-13,33,29712.77,17,MORTGAGE,West,credit_card,11423.21,36,12.69,620,30.0,0,3,0,0
APP000841,2023-12-11,34,30428.52,9.3,MORTGAGE,West,car,9362.77,60,13.41,609,10.4,0.207,8,1,0
APP000842,2025-07-02,48,38438.29,16.7,MORTGAGE,South,medical,9657.81,60,13.45,591,14.9,0.139,2,1,1
APP000843,2025-11-16,45,81366.92,13.0,MORTGAGE,West,credit_card,15907.22,36,8.82,693,0,0.108,11,1,0
APP000844,2024-08-15,73,55718.16,8.1,RENT,Midwest,debt_consolidation,38379.76,36,11.01,636,34.9,0,7,0,0
APP000845,2024-07-26,55,66114.69,7.9,MORTGAGE,Northeast,debt_consolidation,8301.15,60,13.8,655,23.8,0,13,0,0
APP000846,2026-01-11,25,58959.53,1.4,RENT,South,debt_consolidation,13540.72,36,8.11,798,22.6,0.079,7,1,0
APP000847,2024-05-27,31,46656.86,13.9,RENT,South,credit_card,15197.42,36,14.68,573,3.0,0.415,8,2,1
APP000848,2024-12-01,58,83589.36,16.2,RENT,South,credit_card,10419.16,36,5.58,850,27.6,0.041,5,1,0
APP000849,2024-05-30,49,22415.97,9.5,RENT,South,car,14321.02,36,9.76,753,26.0,0.078,9,0,0
APP000850,2024-09-04,48,44450.33,14.5,RENT,South,debt_consolidation,22329.44,60,7.28,824,35.0,0.276,1,0,0
APP000851,2024-06-08,45,69162.16,15.2,MORTGAGE,Northeast,credit_card,20577.85,60,5.0,797,9.6,0.02,10,0,0
APP000852,2026-08-06,42,53282.79,12.0,MORTGAGE,South,credit_card,9977.57,36,10.82,693,22.8,0,11,0,0
APP000853,2025-09-19,38,67325.76,18.3,MORTGAGE,West,credit_card,10477.9,36,10.47,664,21.7,0.36,6,0,0
APP000854,2025-03-13,20,53082.09,2.7,MORTGAGE,West,debt_consolidation,14590.75,60,12.11,659,15.3,0.013,3,0,0
APP000855,2024-06-03,41,50808.28,11.1,RENT,Midwest,debt_consolidation,12791.33,60,16.2,575,2.9,0.198,14,1,0
APP000856,2025-08-05,45,80204.55,8.9,MORTGAGE,West,medical,6638.61,36,11.4,685,30.6,0,9,0,0
APP000857,2024-09-03,44,72195.81,15.4,RENT,South,debt_consolidation,5071.54,36,13.14,683,14.4,0,6,1,0
APP000858,2024-08-07,61,77470.32,0,OTHER,West,credit_card,5397.0,36,12.2,719,9.2,0,5,1,0
APP000859,2024-10-09,51,64429.23,6.8,MORTGAGE,South,credit_card,16495.02,36,10.88,670,29.5,0.326,7,1,0
APP000860,2026-07-12,34,17735.57,18,RENT,West,debt_consolidation,13151.33,36,11.79,619,29.7,0.085,10,2,1
APP000861,2025-04-20,57,29380.86,17.8,RENT,West,credit_card,14678.17,36,13.21,640,23.1,0.102,5,0,0
APP000862,2025-02-11,44,57740.51,7.1,OTHER,South,other,38517.59,36,7.85,752,9.4,0.317,9,1,0
APP000863,2024-07-11,41,65043.59,0,MORTGAGE,West,major_purchase,18828.87,36,13.74,668,13.2,0.137,14,1,0
APP000864,2024-04-28,26,57824.74,0,MORTGAGE,South,debt_consolidation,8248.18,60,6.91,820,22.9,0,10,1,0
APP000865,2026-03-17,37,74779.53,8.6,RENT,South,debt_consolidation,17126.46,36,9.42,710,23.8,0.149,16,1,0
APP000866,2026-05-04,37,82331.96,14.9,OWN,Midwest,medical,21598.14,60,11.79,662,35.8,0.345,1,0,0
APP000867,2026-08-26,45,77821.05,18.0,MORTGAGE,South,debt_consolidation,8490.66,60,12.71,646,11.8,0.167,0,0,0
APP000868,2025-10-28,65,50507.08,9.2,OWN,South,debt_consolidation,7098.5,36,13.55,635,13.0,0.087,16,0,0
APP000869,2024-01-22,40,65627.67,13.8,OWN,South,debt_consolidation,14993.06,36,11.16,653,29.7,0.285,9,1,0
APP000870,2024-02-28,33,45999.18,0,RENT,South,major_purchase,17427.07,36,13.89,667,19.4,0,13,2,0
APP000871,2025-08-31,47,40393.25,13.8,OWN,West,debt_consolidation,25217.15,36,13.78,641,29.3,0,15,1,0
APP000872,2025-11-04,62,103335.13,12.5,MORTGAGE,South,debt_consolidation,33481.74,36,12.59,653,18.6,0,8,1,0
APP000873,2024-11-29,32,57971.21,10.3,RENT,South,small_business,10341.39,60,8.79,755,12.9,0,8,1,0
APP000874,2024-10-29,70,72109.28,15.2,RENT,West,home_improvement,7285.27,36,13.18,669,23.1,0.177,8,1,0
APP000875,2026-07-14,51,140424.24,14.5,MORTGAGE,Midwest,vacation,19410.7,36,16.05,516,20.6,0.187,5,1,1
APP000876,2025-08-17,33,146356.7,13.3,RENT,South,credit_card,15033.45,36,17.08,573,0.3,0.471,11,1,0
APP000877,2026-02-25,39,63210.23,0.7,MORTGAGE,South,debt_consolidation,8815.85,36,13.73,611,10.4,0,9,0,0
APP000878,2025-11-19,35,32355.41,8.1,RENT,West,credit_card,22475.95,60,5.0,850,19.1,0,4,1,0
APP000879,2024-10-11,46,32368.35,16.5,RENT,Midwest,credit_card,8827.91,60,17.55,586,47.0,0.045,6,1,1
APP000880,2025-09-06,32,218466.69,12.4,MORTGAGE,Midwest,debt_consolidation,8107.19,36,9.22,723,28.3,0.268,11,1,0
APP000881,2026-05-27,35,36099.7,15.4,RENT,West,small_business,6817.43,36,15.68,618,15.1,0,10,1,0
APP000882,2025-11-15,46,60052.5,9.0,RENT,South,major_purchase,8503.93,60,10.64,731,25.2,0,9,0,0
APP000883,2026-02-02,36,38131.89,20,MORTGAGE,Northeast,small_business,16221.97,36,7.57,803,18.6,0,6,2,0
APP000884,2023-12-30,32,51847.72,6.4,MORTGAGE,Northeast,credit_card,11473.42,60,9.71,727,27.0,0,12,1,0
APP000885,2024-10-14,44,23459.11,16.3,MORTGAGE,West,debt_consolidation,20767.08,36,7.15,744,33.6,0,7,0,0
APP000886,2024-10-02,32,145302.42,3.5,OTHER,South,medical,11771.04,36,13.05,641,27.0,0,9,0,0
APP000887,2025-02-08,49,34388.1,8.3,OWN,West,car,21066.88,36,10.63,725,28.2,0,10,0,0
APP000888,2025-12-12,51,121022.82,17.9,RENT,South,small_business,10836.02,60,13.87,640,15.5,0.241,14,0,0
APP000889,2026-01-21,31,23727.81,14.9,MORTGAGE,South,debt_consolidation,8104.21,36,6.84,781,14.3,0.057,14,1,0
APP000890,2024-02-07,64,75267.27,15.1,OTHER,South,medical,4991.37,60,11.46,660,9.4,0.202,8,0,0
APP000891,2025-11-20,43,36887.17,20.2,MORTGAGE,South,medical,10723.58,36,15.15,546,15.4,0.149,7,1,0
APP000892,2025-09-28,24,71853.77,5.5,MORTGAGE,South,debt_consolidation,10768.21,36,12.81,693,30.4,0.128,1,0,0
APP000893,2024-08-08,35,54798.69,4.4,MORTGAGE,West,home_improvement,8052.6,36,10.36,737,25.5,0,7,1,0
APP000894,2026-06-22,36,161043.73,12.4,MORTGAGE,West,debt_consolidation,12565.21,36,8.66,715,26.8,0,8,1,0
APP000895,2024-11-22,38,35187.18,10.4,MORTGAGE,Midwest,credit_card,6406.42,36,12.25,644,30.0,0.205,2,0,0
APP000896,2024-01-15,50,60712.86,15.0,RENT,Midwest,debt_consolidation,8413.32,60,14.75,598,0.6,0,10,2,0
APP000897,2024-08-08,33,80453.91,15.7,RENT,South,credit_card,11223.5,36,14.59,666,16.9,0,2,0,0
APP000898,2025-07-16,71,69976.93,4.9,RENT,West,small_business,10761.54,36,15.12,639,27.5,0,11,1,1
APP000899,2025-08-09,44,20074.82,6.7,RENT,Northeast,debt_consolidation,20548.94,36,13.77,597,32.5,0.454,8,1,0
APP000900,2026-09-01,40,45248.11,14.8,RENT,Midwest,medical,17049.7,36,10.32,671,7.1,0,6,2,0
APP000901,2024-07-25,53,134021.03,14.4,MORTGAGE,West,small_business,13918.49,60,12.58,681,28.5,0,5,1,0
APP000902,2024-02-07,53,51022.53,3.7,RENT,West,vacation,25153.2,60,7.69,771,10.3,0.114,4,0,0
APP000903,2026-06-29,48,102248.56,11.0,RENT,Midwest,car,11090.78,60,10.86,694,14.5,0,10,1,0
APP000904,2025-10-19,49,53035.37,13.2,RENT,South,credit_card,25324.3,60,8.16,750,9.7,0.02,9,0,0
APP000905,2024-06-24,49,83167.27,25.8,RENT,Northeast,debt_consolidation,14548.92,60,13.77,598,35.0,0,6,2,0
APP000906,2026-08-08,37,73122.03,11.2,OTHER,South,credit_card,6174.25,36,10.66,700,27.2,0,4,1,0
APP000907,2025-05-20,59,63619.88,15.4,RENT,Northeast,other,13587.16,36,14.64,642,17.9,0,5,1,0
APP000908,2026-03-07,44,39095.21,6.1,RENT,West,car,19741.04,36,12.16,719,32.7,0,16,1,0
APP000909,2026-02-03,32,20048.91,16,MORTGAGE,South,debt_consolidation,10433.16,36,11.27,695,46.9,0,7,1,0
APP000910,2023-10-15,49,48482.43,16.8,MORTGAGE,West,debt_consolidation,6855.81,36,12.08,619,30.7,0.16,11,1,1
APP000911,2023-12-25,39,62088.2,8.3,MORTGAGE,South,small_business,7718.86,36,12.01,573,33.3,0,6,1,0
APP000912,2023-09-05,44,91089.21,15.0,RENT,West,debt_consolidation,23084.89,36,11.54,623,21.9,0.405,7,0,0
APP000913,2026-07-31,46,119523.77,13.4,MORTGAGE,Midwest,car,6897.32,36,6.93,848,27.0,0,7,0,0
APP000914,2026-06-10,25,66001.49,9,RENT,Midwest,debt_consolidation,27439.89,36,7.98,788,13.8,0.189,5,1,0
APP000915,2024-12-18,57,44032.58,9.5,MORTGAGE,West,credit_card,40622.47,36,14.64,596,32.4,0,1,2,0
APP000916,2025-03-04,52,84002.49,19.4,MORTGAGE,South,debt_consolidation,4174.05,60,11.59,620,19.7,0.014,3,0,0
APP000917,2024-05-20,45,123867.69,4.5,RENT,West,credit_card,9488.68,60,5.73,795,15.5,0.368,10,1,0
APP000918,2025-07-29,25,48154.51,9,RENT,Midwest,debt_consolidation,11355.35,36,14.54,636,15.5,0,12,0,0
APP000919,2025-05-15,37,103034.07,5.8,RENT,West,credit_card,11458.11,36,6.46,824,42.8,0,5,0,0
APP000920,2024-09-17,23,40290.26,7,MORTGAGE,West,car,17548.29,36,11.6,628,53.3,0,10,0,0
APP000921,2026-01-26,38,65788.06,14.1,MORTGAGE,West,major_purchase,11369.52,36,9.12,795,25.5,0,5,0,0
APP000922,2026-05-05,45,42038.94,0,RENT,Northeast,debt_consolidation,15264.85,60,6.67,850,37.5,0.038,7,0,0
APP000923,2024-03-15,43,52109.8,20.1,OWN,West,credit_card,21970.17,36,7.54,791,3.2,0.085,11,2,0
APP000924,2025-03-30,62,58047.82,16.0,MORTGAGE,Midwest,credit_card,7990.62,60,11.3,674,30.3,0,7,0,0
APP000925,2023-12-18,34,49026.68,16.4,MORTGAGE,West,debt_consolidation,40424.9,60,12.38,660,18.9,0,9,0,0
APP000926,2025-10-20,43,196413.14,15.4,MORTGAGE,Northeast,car,28218.63,36,8.46,694,34.5,0.015,6,1,0
APP000927,2024-11-22,33,58174.58,9.5,MORTGAGE,South,home_improvement,8173.39,36,11.74,665,28.3,0.216,8,1,0
APP000928,2025-04-30,48,81271.33,17.9,MORTGAGE,South,debt_consolidation,8182.35,36,5.85,775,10.2,0,6,0,0
APP000929,2024-07-03,36,35662.87,11.3,RENT,Northeast,debt_consolidation,4142.32,36,12.75,649,20.4,0.132,9,1,0
APP000930,2024-01-07,38,34508.95,14.0,MORTGAGE,Northeast,credit_card,7495.44,36,5.0,841,24.9,0.31,7,1,0
APP000931,2025-11-17,29,41529.82,12.7,MORTGAGE,Midwest,small_business,8654.8,36,9.78,729,4.9,0.185,3,2,0
APP000932,2026-07-14,34,51772.16,14.9,RENT,Northeast,credit_card,17978.16,60,9.83,724,6.9,0.127,10,2,0
APP000933,2026-02-17,28,59322.82,10.2,RENT,South,credit_card,19660.81,36,9.93,701,19.2,0.07,14,2,0
APP000934,2025-05-18,34,32418.22,8.5,MORTGAGE,South,home_improvement,20066.7,60,7.13,737,43.3,0,8,0,1
APP000935,2025-03-11,40,25335.72,16.2,RENT,Midwest,vacation,9660.1,36,10.26,678,23.2,0,19,1,0
APP000936,2025-04-05,47,52695.28,9.8,MORTGAGE,West,debt_consolidation,10576.88,36,11.88,674,28.3,0.021,12,1,0
APP000937,2024-12-01,31,69559.76,12.7,MORTGAGE,West,debt_consolidation,10587.99,60,9.13,734,24.1,0,12,2,0
APP000938,2025-09-27,46,46909.46,12.8,OWN,West,debt_consolidation,41413.31,60,10.97,724,28.8,0.197,2,1,0
APP000939,2026-05-11,47,90566.97,14.7,OWN,South,debt_consolidation,19316.26,36,12.1,607,27.2,0.06,10,1,0
APP000940,2025-08-22,59,84547.17,12.0,OTHER,South,debt_consolidation,9204.66,36,13.3,613,16.3,0.173,12,0,0
APP000941,2025-04-06,44,87503.71,10.5,RENT,Midwest,home_improvement,36329.43,36,12.69,606,22.4,0,7,0,0
APP000942,2025-08-14,46,52937.66,13.3,MORTGAGE,Northeast,car,26308.38,60,14.32,583,17.2,0.258,5,2,1
APP000943,2024-05-13,67,48397.76,7.4,MORTGAGE,Northeast,vacation,3146.07,36,9.17,740,24.8,0,8,1,0
APP000944,2025-02-19,33,45268.45,7.3,MORTGAGE,West,major_purchase,17680.11,36,10.8,718,22.9,0,3,1,0
APP000945,2026-04-12,44,43809.92,7.4,MORTGAGE,West,debt_consolidation,33327.72,36,13.0,609,12.4,0.066,6,0,0
APP000946,2024-12-17,42,39835.32,9.2,RENT,West,debt_consolidation,4881.02,60,13.15,656,12.3,0,12,0,0
APP000947,2024-08-23,27,42585.07,0,OWN,South,credit_card,18707.46,36,12.24,646,11.4,0.0,3,1,0
APP000948,2024-04-22,34,61218.44,6.5,OWN,West,home_improvement,7934.5,60,13.92,660,21.0,0,9,0,0
APP000949,2024-07-23,45,90211.3,19.9,OWN,Midwest,debt_consolidation,22100.11,36,11.0,661,28.8,0,4,0,0
APP000950,2024-11-05,40,51996.95,4.3,RENT,South,debt_consolidation,6475.62,60,12.32,665,34.2,0.259,12,0,1
APP000951,2026-07-31,33,59049.94,17,MORTGAGE,West,credit_card,5027.87,60,13.72,659,12.9,0,10,4,0
APP000952,2025-04-29,24,40013.26,3.2,MORTGAGE,Midwest,debt_consolidation,9878.36,36,16.08,553,39.9,0.46,10,1,1
APP000953,2026-07-27,72,51419.26,0,MORTGAGE,Northeast,home_improvement,9279.15,36,16.48,582,35.2,0.07,8,2,0
APP000954,2024-05-07,36,58464.76,13.9,OWN,South,car,9604.21,36,13.05,654,8.9,0,17,1,0
APP000955,2026-05-29,60,40120.94,8.6,RENT,South,debt_consolidation,10444.15,36,10.76,668,35.8,0,7,1,0
APP000956,2025-08-10,44,44825.67,7.4,RENT,Midwest,debt_consolidation,7986.01,36,9.25,711,8.5,0,11,1,0
APP000957,2026-05-31,32,71134.59,13.2,MORTGAGE,West,debt_consolidation,17807.08,36,13.42,626,28.7,0.125,5,0,1
APP000958,2026-05-04,37,67529.85,6.9,RENT,West,major_purchase,9637.46,36,8.78,734,21.5,0,2,0,0
APP000959,2026-02-25,47,74729.2,4.7,OWN,Northeast,credit_card,11430.72,60,8.57,661,23.9,0.122,14,2,0
APP000960,2025-10-02,40,104083.7,11.9,MORTGAGE,Midwest,credit_card,9351.54,36,10.11,690,9.3,0.244,11,1,0
APP000961,2023-11-14,41,23878.01,11.5,RENT,Midwest,car,5913.08,36,16.95,515,27.5,0.364,9,1,1
APP000962,2024-12-23,49,29857.1,11.0,RENT,South,car,10556.5,60,10.31,730,26.6,0.427,9,0,0
APP000963,2024-11-01,48,44651.09,14.2,MORTGAGE,South,credit_card,17161.35,36,8.73,707,27.1,0,9,0,0
APP000964,2026-06-11,55,90020.5,14.6,RENT,West,debt_consolidation,5669.92,36,12.77,599,44.0,0.025,7,1,0
APP000965,2026-04-27,71,34976.0,11.3,OWN,West,other,15367.37,60,13.52,643,32.1,0.345,12,0,0
APP000966,2024-02-11,40,42258.61,6.9,RENT,South,credit_card,8963.58,36,5.0,850,23.4,0.097,10,0,0
APP000967,2026-02-01,48,72561.38,6.6,RENT,South,debt_consolidation,6295.01,60,10.55,758,21.4,0.332,14,0,0
APP000968,2026-07-03,31,89009.5,5.9,MORTGAGE,South,vacation,8942.63,36,8.63,765,26.1,0.018,11,1,0
APP000969,2023-11-28,31,121586.59,6.8,MORTGAGE,South,credit_card,8606.2,36,10.16,690,20.5,0,13,1,0
APP000970,2023-11-04,32,60372.56,9.0,RENT,South,other,13276.28,60,11.72,699,11.1,0.441,15,3,0
APP000971,2025-11-25,27,42750.61,11,RENT,West,major_purchase,10965.62,36,13.42,604,31.0,0.149,0,1,1
APP000972,2024-11-12,39,37501.52,19.9,RENT,Midwest,debt_consolidation,45000,60,6.0,764,32.1,0.074,6,2,0
APP000973,2025-06-08,18,59436.78,0,OWN,South,other,4589.69,36,16.21,577,13.1,0,8,1,0
APP000974,2026-08-31,55,55933.89,13.6,RENT,South,major_purchase,18227.0,36,14.48,633,26.8,0.314,3,0,0
APP000975,2025-02-06,47,42893.07,14.7,MORTGAGE,Midwest,credit_card,11688.68,36,15.24,602,26.6,0.1,0,1,0
APP000976,2025-10-18,31,61666.89,14.6,RENT,West,major_purchase,21775.82,36,8.77,736,0.9,0.065,9,1,0
APP000977,2023-11-06,38,68341.88,14.7,RENT,West,medical,23265.35,36,15.19,621,14.2,0,5,1,0
APP000978,2026-03-18,37,65050.05,14.4,MORTGAGE,South,credit_card,20154.16,36,14.54,541,34.7,0,15,1,0
APP000979,2025-03-05,63,23667.94,0.7,RENT,West,home_improvement,24527.34,36,8.86,712,35.0,0,8,0,0
APP000980,2025-04-18,32,32605.05,9.9,MORTGAGE,Midwest,small_business,45000,36,13.01,601,33.2,0.055,17,1,0
APP000981,2026-02-11,35,104463.42,6.1,OWN,West,small_business,22012.97,36,10.53,730,25.1,0,7,1,0
APP000982,2024-09-16,38,66489.25,9.6,MORTGAGE,Midwest,major_purchase,8377.04,60,9.4,724,29.1,0.102,10,0,0
APP000983,2025-03-08,30,53777.23,14,RENT,South,credit_card,42070.35,60,12.0,654,35.0,0.07,12,1,1
APP000984,2024-08-16,18,45664.36,0,OWN,Northeast,debt_consolidation,7397.9,60,7.57,800,17.0,0,8,0,0
APP000985,2024-09-29,29,34540.79,11.0,OWN,West,credit_card,36066.94,36,14.21,613,14.0,0.066,6,1,0
APP000986,2024-03-07,42,67074.25,7.4,RENT,West,medical,11127.44,36,7.31,762,34.0,0,15,0,0
APP000987,2026-07-26,57,54249.43,17.5,MORTGAGE,South,debt_consolidation,14185.8,36,12.79,663,4.2,0.356,6,0,0
APP000988,2024-04-18,46,103186.86,11.1,RENT,Northeast,car,6133.87,60,11.64,671,24.0,0,5,1,0
APP000989,2026-08-20,36,36574.66,7.0,RENT,Midwest,debt_consolidation,40843.41,60,8.11,767,22.0,0.091,4,0,0
APP000990,2025-05-24,45,54540.51,16.4,MORTGAGE,West,car,19215.43,36,13.7,653,14.0,0.368,5,2,0
APP000991,2024-04-08,43,31397.83,5.6,RENT,Northeast,medical,24656.18,60,12.63,676,28.4,0,1,1,0
APP000992,2024-02-22,39,72393.2,4.9,MORTGAGE,Northeast,small_business,14101.96,36,19.26,513,20.7,0.139,14,2,0
APP000993,2026-02-10,34,25068.55,8.5,MORTGAGE,Midwest,debt_consolidation,13818.03,36,10.04,663,34.5,0,5,0,0
APP000994,2024-04-23,33,87776.23,10.8,OWN,South,debt_consolidation,11334.11,36,14.25,595,37.9,0.196,3,1,0
APP000995,2025-06-05,35,63865.29,12.3,OWN,Northeast,credit_card,12061.24,36,14.74,596,33.5,0,12,1,0
APP000996,2026-05-18,48,44099.96,8.2,MORTGAGE,Midwest,debt_consolidation,14260.98,36,10.49,734,13.6,0,5,1,0
APP000997,2026-08-27,63,57837.36,17.0,MORTGAGE,Northeast,credit_card,24495.02,60,14.45,610,29.6,0.548,11,0,0
APP000998,2023-12-25,46,73847.58,13.2,RENT,South,small_business,10113.22,36,11.88,682,25.2,0,3,2,0
APP000999,2024-02-17,51,27211.77,9.1,MORTGAGE,South,major_purchase,3038.65,36,12.57,680,28.9,0.119,15,0,0
APP001000,2025-03-22,57,29814.73,10.6,OWN,West,debt_consolidation,16236.67,60,11.08,692,23.7,0.17,8,0,0
